corruption_levels,geometric_margin
0,2.842897863
0,2.840798576
0,2.839162065
0,-2.826451459
0,2.842897863
0,2.841040191
0,2.839818066
0,-2.839038473
0,-2.848550094
0,2.839008881
0,2.848606495
0,2.826386008
0,2.826313819
0,2.830853392
0,2.810774012
0,-2.815147934
0,-2.846908743
0,2.845640104
0,2.839443786
0,2.839566382
0,-2.841297999
0,2.841475577
0,2.852208168
0,2.839443786
0,2.840467586
0,-2.847484228
0,-2.840130365
0,2.841310939
0,-2.898374653
0,2.839404955
0,-2.839363536
0,-2.842997453
0,-2.838593817
0,2.836109009
0,2.849782008
0,2.849782008
0,2.837773091
0,-2.83770687
0,2.840581488
0,2.845021963
0,2.845438131
0,2.834175175
0,2.848350351
0,2.842253253
0,2.840830788
0,-2.841962684
0,-2.843761354
0,2.849506692
0,-2.851637293
0,2.808785846
0,2.839862498
0,-2.838941235
0,2.846176109
0,-2.840638708
0,2.83899138
0,2.837278864
0,-2.84187144
0,2.841484565
0,2.841124985
0,2.841548221
0,2.867315858
0,-2.836848813
0,2.8492091
0,2.847770656
0,2.843432078
0,2.824720569
0,2.840334717
0,-2.878191342
0,2.841359954
0,2.890976005
0,2.849161757
0,2.842384641
0,-2.878191342
0,2.875075084
0,2.822287743
0,2.838000002
0,2.850944424
0,2.850265225
0,-2.842683341
0,-2.83877818
0,-2.840554122
0,-2.842683341
0,2.839057492
0,2.839057492
0,2.812216969
0,2.839648318
0,-2.847796004
0,2.843241846
0,2.839335369
0,2.839106395
0,2.840439935
0,-2.840928253
0,2.839335369
0,-2.839377184
0,-2.847756533
0,-2.838935469
0,-2.841502448
0,2.8421063
0,-2.838935469
0,2.855765446
0,2.842118342
0,2.842520915
0,2.840787129
0,2.841278455
0,2.850046107
0,2.841890416
0,-2.838342162
0,-2.843816779
0,2.842518761
0,2.841723478
0,2.842669783
0,2.838756356
0,2.842518761
0,-2.504731573
0,2.846055068
0,-2.504731573
0,2.851855648
0,2.843590818
0,2.833415604
0,-2.840957703
0,2.841943387
0,2.849083955
0,2.864515855
0,2.865247102
0,2.864515855
0,2.865247102
0,-2.842396842
0,2.85643037
0,2.855212686
0,-2.839423731
0,2.842968344
0,2.846422815
0,2.839911693
0,-2.83727472
0,2.812859444
0,-2.85002091
0,-2.85002091
0,-2.84375795
0,2.839050945
0,2.841711617
0,2.842383589
0,2.841991808
0,2.841991808
0,2.859294231
0,2.83900025
0,-2.839212419
0,2.853250353
0,2.842948772
0,2.846324106
0,2.84699415
0,2.850028888
0,-2.843634543
0,2.850032151
0,2.843527633
0,2.843527633
0,2.847125495
0,2.841456275
0,-2.784490367
0,-2.814829776
0,2.825891687
0,1.502734064
0,1.500136728
0,1.493341379
0,-1.441404752
0,1.502734064
0,1.493294403
0,-1.486778123
0,-1.521610205
0,1.489174368
0,1.490235768
0,1.489174368
0,1.459784657
0,1.492832301
0,1.489133927
0,-1.480317164
0,1.452787803
0,1.495653612
0,-1.520649208
0,1.504907246
0,1.48494805
0,1.489679741
0,1.493850749
0,1.48494805
0,1.493568717
0,1.493705266
0,1.507923793
0,-1.545848087
0,1.486212314
0,-1.502187776
0,-1.490516957
0,1.493915888
0,1.493915888
0,1.491927789
0,1.530145075
0,1.339742426
0,1.51903444
0,1.477223066
0,1.517666202
0,1.494560053
0,1.520443177
0,-1.5065429
0,1.512890969
0,-1.499905873
0,1.501108837
0,1.426165184
0,1.436358451
0,1.495505622
0,-1.492129141
0,1.501411114
0,1.523472941
0,-1.49427534
0,1.48678223
0,1.478632381
0,1.478632381
0,1.4955458
0,1.489651903
0,1.527498287
0,-1.500585774
0,-1.498773126
0,1.498470821
0,1.497555768
0,1.558850235
0,1.503171566
0,1.503171566
0,-1.478102864
0,1.485185415
0,1.518499381
0,1.541301824
0,1.509827316
0,1.474964453
0,-1.5028556
0,1.487632156
0,1.495723135
0,1.590042182
0,1.523222154
0,-1.591376767
0,1.587703707
0,1.495723135
0,1.584235666
0,-1.028897314
0,-1.495513126
0,-1.494184879
0,-1.495513126
0,1.493092053
0,1.499539396
0,1.493092053
0,1.493595266
0,1.49379567
0,-1.524928149
0,1.486249631
0,1.489467024
0,1.506774027
0,-1.495096273
0,-1.492662439
0,1.494255626
0,-1.495745298
0,1.500636444
0,1.497417445
0,1.510451982
0,-1.505629685
0,1.493090207
0,1.508383282
0,1.493389413
0,1.493389413
0,-1.480148293
0,-1.508127632
0,1.492555487
0,1.495345629
0,1.499458081
0,1.49283284
0,-0.952440588
0,-0.952440588
0,1.512298003
0,1.583564455
0,1.487587023
0,-1.482922631
0,-1.500336941
0,-1.49347574
0,1.49245868
0,1.508271064
0,1.508271064
0,1.556001447
0,1.554945802
0,1.556001447
0,1.554945802
0,1.500777852
0,-1.492813407
0,1.55402244
0,1.527807791
0,1.493595498
0,1.501750045
0,1.509408728
0,1.504489739
0,1.491263874
0,-1.478242152
0,1.639164685
0,-1.519978355
0,1.49665568
0,1.489932249
0,1.49665568
0,-1.490604999
0,1.507788125
0,1.493709236
0,1.493709236
0,1.553924003
0,1.489619493
0,1.488172835
0,-1.48826215
0,1.535516956
0,1.504154452
0,1.503271321
0,1.514372044
0,1.52139066
0,-1.494179034
0,1.500561429
0,1.501952848
0,1.501952848
0,1.49268732
0,-1.608196204
0,1.470536065
0,35.25717301
0,-35.23403977
0,35.26309089
0,-35.27898253
0,-35.27332541
0,35.32058519
0,35.27082118
0,35.2765474
0,35.26496088
0,35.26230765
0,-35.26911528
0,35.24572276
0,35.25736358
0,-35.23228752
0,-35.26522866
0,35.26265258
0,35.25231568
0,-35.25614161
0,35.26873725
0,35.28422115
0,-35.27413378
0,35.25474803
0,-35.25488846
0,35.25915582
0,-35.25659866
0,-35.25099888
0,35.29989684
0,35.28390669
0,35.28390669
0,35.24828754
0,-35.2539666
0,35.25480843
0,35.25576429
0,35.24826265
0,35.27921865
0,35.25600191
0,35.31694297
0,-35.27295658
0,-35.27564201
0,35.27507872
0,-35.26374239
0,35.2584913
0,35.26145408
0,35.26110466
0,35.25676727
0,-35.25702738
0,35.25026681
0,35.26184453
0,35.2597666
0,35.26250669
0,35.27848116
0,35.27494327
0,-35.26614108
0,35.25693227
0,35.25676196
0,35.25802235
0,35.27896936
0,35.25425642
0,35.25425642
0,35.25625812
0,35.26282381
0,35.28043888
0,35.22982344
0,35.25907504
0,35.24835357
0,-35.25682957
0,-35.26895055
0,35.25959445
0,35.30085465
0,35.27503777
0,35.27020895
0,-35.26895055
0,35.26418667
0,35.25959445
0,35.57049833
0,-35.08841432
0,35.26616446
0,35.28052484
0,35.2785045
0,-35.26241105
0,-35.25518199
0,-35.26241105
0,35.25343946
0,35.26419068
0,35.25343946
0,35.22270362
0,35.25689012
0,-35.26852123
0,35.25453645
0,35.25551197
0,-35.24493318
0,35.25453645
0,-35.24815559
0,-35.25310009
0,-35.27018989
0,-35.25626167
0,-35.25586848
0,-35.25626167
0,35.28229915
0,35.25636521
0,35.25024163
0,35.29035725
0,35.29146657
0,-35.26891334
0,35.27252512
0,35.27474671
0,35.51265851
0,35.51265851
0,-35.26913502
0,-35.26935318
0,35.25187657
0,35.26087662
0,35.25438705
0,35.25736156
0,35.25781257
0,35.25187657
0,35.27848877
0,35.24464239
0,-35.26160793
0,-35.25816045
0,-35.25932941
0,35.26230867
0,35.2608909
0,35.51944105
0,35.51169322
0,35.51944105
0,35.51169322
0,35.26962984
0,35.28958973
0,-35.25999587
0,35.46871177
0,35.25445701
0,35.26468556
0,-35.26331437
0,35.24372783
0,35.31555437
0,-35.28216136
0,-35.28216136
0,-35.26666445
0,35.26192755
0,35.25874497
0,35.26192755
0,-35.25682132
0,35.27400486
0,35.25839674
0,35.25839674
0,35.25058969
0,35.26065857
0,35.25932601
0,-35.26082048
0,35.27257716
0,35.25342819
0,35.26680006
0,35.26752843
0,35.26660397
0,35.26316745
0,35.26543952
0,35.25521451
0,-35.23817366
0,35.28102547
0,0.813523619
0,0.804027079
0,0.7960675
0,0.813523619
0,0.80535858
0,0.797788281
0,0.798955706
0,0.798272135
0,0.798955706
0,0.83807244
0,0.883140666
0,0.882988993
0,-0.804882337
0,0.803033748
0,-0.774816398
0,-0.822773235
0,0.810179209
0,0.776340156
0,-0.798166859
0,0.807819762
0,0.776340156
0,0.804101134
0,-0.818465419
0,0.793422681
0,-0.791847289
0,0.810366025
0,-0.790015527
0,-0.805230372
0,-0.809242915
0,-0.78617047
0,0.799376982
0,0.765958434
0,-0.785741583
0,0.832113201
0,0.559127209
0,0.821162322
0,0.807852548
0,0.799058647
0,-0.803250269
0,-0.806124009
0,-0.796239494
0,0.802599828
0,0.687742528
0,0.790337897
0,0.800336742
0,0.781182834
0,0.825800704
0,-0.797121929
0,0.79740854
0,0.798494149
0,0.798494149
0,0.799886628
0,0.801018838
0,0.835151417
0,-0.800500436
0,-0.800109478
0,0.80302352
0,0.782149241
0,0.825226222
0,0.786608408
0,0.786608408
0,-0.791940016
0,0.791853165
0,0.837454768
0,0.812036054
0,-0.798803466
0,0.793465673
0,-0.896019877
0,0.797082137
0,0.892935474
0,0.78967641
0,0.891699984
0,0.797082137
0,-0.264112403
0,0.796192426
0,0.806164491
0,0.849394107
0,-0.784396329
0,-0.795929609
0,-0.798615409
0,-0.784396329
0,0.790466316
0,0.801712327
0,0.803029627
0,0.799490023
0,0.825656743
0,0.804115474
0,0.809417698
0,-0.732104417
0,0.788342145
0,-0.786767862
0,-0.788265621
0,-0.812998786
0,-0.80132369
0,-0.796962178
0,0.796315088
0,-0.80132369
0,0.881416686
0,0.809742151
0,0.799022463
0,0.784214411
0,0.885784778
0,0.8796622
0,-0.803074644
0,0.798793323
0,0.829813593
0,0.784497328
0,-0.81044101
0,0.790219736
0,0.782636394
0,0.798749704
0,0.804120415
0,0.790219736
0,0.782636394
0,-0.138632718
0,0.806119533
0,-0.138632718
0,0.836180733
0,0.905680617
0,-0.793682904
0,-0.803287168
0,-0.798319576
0,0.69712586
0,0.802834863
0,0.802834863
0,0.818009372
0,0.812457374
0,-0.793733701
0,0.840600776
0,0.794538475
0,-0.798502977
0,0.788648852
0,0.789228079
0,0.812065033
0,0.79909461
0,0.798884021
0,0.799377383
0,0.976202932
0,-0.8043062
0,-0.801643875
0,0.799234702
0,0.79724039
0,-0.798220822
0,0.781054975
0,0.800078652
0,0.797651206
0,0.802994856
0,0.811034015
0,0.819874345
0,0.81959739
0,0.830627325
0,-0.79430854
0,0.799431453
0,0.800212199
0,0.800212199
0,0.815111707
0,0.797690037
0,-0.603667604
0,-0.805844797
0,0.79735794
0,1.092033559
0,1.084442084
0,-0.905574206
0,1.092033559
0,1.077010791
0,1.074916544
0,-0.969838949
0,-1.098381041
0,1.093704038
0,1.046470419
0,1.093704038
0,1.045894351
0,0.973964084
0,1.077771514
0,-1.092802079
0,0.908484788
0,1.087265628
0,-0.888398975
0,1.062504919
0,1.077433167
0,-1.040407624
0,1.037835716
0,1.08124098
0,1.062504919
0,1.063045623
0,-1.105003309
0,1.007133858
0,-0.973950143
0,1.111446217
0,-1.08345219
0,1.004023907
0,-1.084269476
0,-1.092482639
0,1.002652239
0,1.102036852
0,1.102036852
0,1.076316252
0,-1.045971748
0,1.086339583
0,1.120048233
0,0.799807008
0,1.126731137
0,1.060270462
0,1.052454674
0,-1.050216147
0,1.122503181
0,1.084753257
0,0.82340821
0,-1.068453794
0,1.106150333
0,1.13076568
0,-1.081437419
0,0.990214568
0,0.990214568
0,1.07301856
0,1.018409294
0,1.129442819
0,-1.08437954
0,-1.083516315
0,1.066993799
0,1.059890664
0,1.107786156
0,1.107786156
0,-0.940113712
0,0.977895692
0,1.12549526
0,1.081627794
0,0.836119557
0,1.115676668
0,0.983011983
0,-1.080144158
0,1.00127574
0,-0.99082046
0,1.104665884
0,1.077147828
0,-0.99082046
0,1.083467626
0,1.138257841
0,-0.45664271
0,0.988360219
0,1.083483042
0,1.138571156
0,-1.08950013
0,-1.071456077
0,1.078406641
0,1.093428569
0,-1.131378662
0,1.105601012
0,1.087197172
0,1.107229482
0,1.112302466
0,-1.023962877
0,1.087197172
0,-1.093651443
0,-1.090128201
0,-1.084824722
0,-1.034835544
0,1.08544584
0,1.134982082
0,1.091679027
0,1.059754611
0,1.081463027
0,1.241750378
0,1.237861364
0,-1.087058518
0,1.077695961
0,1.077695961
0,-0.954874147
0,1.09380972
0,1.069903803
0,1.088649806
0,1.075296586
0,1.077720409
0,1.09380972
0,1.069903803
0,-0.515509271
0,1.068506741
0,-0.515509271
0,1.11816593
0,1.301243752
0,1.057557668
0,-0.985378814
0,-1.07320145
0,1.077414099
0,1.077414099
0,1.093745101
0,1.095713709
0,1.093745101
0,1.077414159
0,-1.015452396
0,1.043479633
0,-1.058412505
0,1.072760678
0,1.075893079
0,1.1215178
0,1.048167928
0,-0.936710555
0,0.926629966
0,1.144571891
0,-1.047860309
0,-1.047860309
0,-1.032139363
0,1.07669649
0,1.07669649
0,-1.041281878
0,1.104726325
0,1.055657531
0,0.985950134
0,1.053041802
0,-1.038876063
0,1.127023199
0,1.115998356
0,1.092300212
0,1.122056893
0,1.130875528
0,-1.031140825
0,1.086296737
0,1.111173861
0,-0.76337232
0,-1.236454694
0.1,0.942896943
0.1,0.944571483
0.1,0.941165179
0.1,-0.950814678
0.1,0.942896943
0.1,0.941843749
0.1,0.941468357
0.1,-0.942099022
0.1,-0.945573302
0.1,0.941593658
0.1,1.020058727
0.1,0.943438951
0.1,0.910389571
0.1,0.943703268
0.1,0.916483928
0.1,-0.93563824
0.1,-0.938977937
0.1,0.954312315
0.1,0.940157603
0.1,0.944937629
0.1,-0.953993638
0.1,0.942053903
0.1,0.943672317
0.1,0.940157603
0.1,0.941611917
0.1,-0.945537668
0.1,-0.972852694
0.1,0.93979925
0.1,-0.73220445
0.1,0.950019704
0.1,-0.941178157
0.1,-0.943024015
0.1,-0.945250255
0.1,0.939973478
0.1,0.997363177
0.1,0.997363177
0.1,0.946437341
0.1,-0.942003038
0.1,0.944485798
0.1,0.946203931
0.1,0.939194307
0.1,0.945490727
0.1,0.945745801
0.1,0.956165174
0.1,0.903234652
0.1,-0.942422071
0.1,-0.943688377
0.1,0.951350675
0.1,-0.992024746
0.1,1.029351888
0.1,0.943703305
0.1,-0.940791308
0.1,0.93935658
0.1,-0.942375977
0.1,0.943336587
0.1,0.953255065
0.1,-0.942821042
0.1,0.947322043
0.1,0.946854153
0.1,0.943757525
0.1,0.957559829
0.1,-0.956451287
0.1,0.943179062
0.1,0.946088212
0.1,0.97409569
0.1,0.9351601
0.1,0.959424522
0.1,-0.989877256
0.1,0.943058681
0.1,0.960485974
0.1,0.945964189
0.1,1.017211197
0.1,-0.989877256
0.1,0.99180306
0.1,0.103305533
0.1,0.947383377
0.1,0.944049151
0.1,0.947653247
0.1,-0.943521455
0.1,-0.940908369
0.1,-0.941964687
0.1,-0.943521455
0.1,0.943065113
0.1,0.943065113
0.1,0.934554883
0.1,0.943937524
0.1,-0.938960771
0.1,0.961280143
0.1,0.944962092
0.1,0.940478209
0.1,0.93957354
0.1,-0.959244249
0.1,0.944962092
0.1,-0.943568556
0.1,-0.944965019
0.1,-0.940529593
0.1,-0.956298724
0.1,0.943258814
0.1,-0.940529593
0.1,0.950078331
0.1,0.942674969
0.1,0.949344076
0.1,0.947751371
0.1,0.942020816
0.1,0.949403832
0.1,0.100337162
0.1,-0.946896265
0.1,-0.94346499
0.1,0.943475161
0.1,0.947021761
0.1,0.94942078
0.1,0.944254159
0.1,0.943475161
0.1,-0.570395754
0.1,0.945196765
0.1,-0.570395754
0.1,0.945618598
0.1,0.877516309
0.1,0.947266781
0.1,-0.942937697
0.1,0.824348355
0.1,0.987610093
0.1,0.943778913
0.1,0.951134262
0.1,0.943778913
0.1,0.951134262
0.1,-0.968867161
0.1,0.949540174
0.1,0.935126696
0.1,-0.941189879
0.1,0.971331575
0.1,0.98397965
0.1,0.941445901
0.1,-0.95556923
0.1,0.921979804
0.1,-0.93877275
0.1,-0.93877275
0.1,-0.976061084
0.1,0.94308339
0.1,0.942755334
0.1,0.942886053
0.1,0.943241895
0.1,0.943241895
0.1,0.978877008
0.1,0.943118156
0.1,-0.941709509
0.1,0.93998019
0.1,0.943260825
0.1,0.941111727
0.1,0.94287537
0.1,0.942000037
0.1,-0.970097906
0.1,0.984321611
0.1,0.943903536
0.1,0.943903536
0.1,0.951630689
0.1,0.955428547
0.1,-0.873741945
0.1,-0.221051608
0.1,0.941976134
0.1,1.245487294
0.1,1.245815315
0.1,1.239055506
0.1,-1.195395465
0.1,1.245487294
0.1,1.238602819
0.1,-1.221015372
0.1,-1.262281759
0.1,1.241162137
0.1,1.234654884
0.1,1.241162137
0.1,1.216534029
0.1,1.163089248
0.1,1.158880754
0.1,-1.216956337
0.1,1.201872773
0.1,1.241282936
0.1,-1.255063137
0.1,1.253734922
0.1,1.235024644
0.1,1.237794619
0.1,1.235961924
0.1,1.235024644
0.1,1.236074181
0.1,1.241356703
0.1,1.250534261
0.1,-1.200994175
0.1,1.229113671
0.1,-1.245318659
0.1,-1.237651049
0.1,1.24918186
0.1,1.24918186
0.1,1.23902164
0.1,1.263412691
0.1,1.133619151
0.1,1.25513712
0.1,1.227120625
0.1,1.257682533
0.1,1.245709219
0.1,1.268046676
0.1,-1.245514681
0.1,1.24128721
0.1,-1.257888852
0.1,1.247543201
0.1,1.194405762
0.1,1.168061848
0.1,1.241319664
0.1,-1.237208865
0.1,1.241989438
0.1,1.25535774
0.1,-1.239887922
0.1,1.228847022
0.1,1.211054561
0.1,1.211054561
0.1,1.240030503
0.1,1.224163075
0.1,1.253716286
0.1,-1.244566304
0.1,-1.243763757
0.1,1.246117944
0.1,1.244917902
0.1,1.257122234
0.1,1.244119713
0.1,1.244119713
0.1,-1.20956884
0.1,1.226381791
0.1,1.256624722
0.1,1.241063807
0.1,1.251849581
0.1,1.219123844
0.1,-1.260142117
0.1,1.231983771
0.1,1.241387664
0.1,1.252842994
0.1,1.263199278
0.1,-1.263182146
0.1,1.262548209
0.1,1.241387664
0.1,1.328612027
0.1,-0.822553169
0.1,-1.243578244
0.1,-1.239008705
0.1,-1.243578244
0.1,1.239418178
0.1,1.243601245
0.1,1.239418178
0.1,1.215343749
0.1,1.240396969
0.1,-1.255570073
0.1,1.211137158
0.1,1.237002421
0.1,1.249066483
0.1,-1.237354838
0.1,-1.23936079
0.1,1.24013899
0.1,-1.240981543
0.1,1.245048822
0.1,1.249052249
0.1,1.242965855
0.1,-1.248590961
0.1,1.232094402
0.1,1.23871192
0.1,1.241356549
0.1,1.241356549
0.1,-1.214795467
0.1,-1.250578487
0.1,1.238699687
0.1,1.240616863
0.1,1.247506748
0.1,1.241110305
0.1,-0.744844371
0.1,-0.744844371
0.1,1.234361534
0.1,1.313747413
0.1,1.231012321
0.1,-1.22195375
0.1,-1.246354801
0.1,-1.238553943
0.1,1.241472411
0.1,1.262649127
0.1,1.262649127
0.1,1.242199494
0.1,1.246383989
0.1,1.242199494
0.1,1.246383989
0.1,1.241673634
0.1,-1.241981798
0.1,1.286891198
0.1,1.270303933
0.1,1.207675841
0.1,1.216409287
0.1,1.249382523
0.1,1.256359678
0.1,1.234218491
0.1,-1.209460708
0.1,1.348552103
0.1,-1.263842622
0.1,1.241394172
0.1,1.234483674
0.1,1.241394172
0.1,-1.235654388
0.1,1.246448127
0.1,1.24247687
0.1,1.24247687
0.1,1.252128715
0.1,1.233100272
0.1,1.231655717
0.1,-1.231357957
0.1,1.255881068
0.1,1.246273083
0.1,1.247511363
0.1,1.254711155
0.1,1.252471089
0.1,-1.244962038
0.1,1.25859571
0.1,1.246865972
0.1,1.246865972
0.1,1.240518511
0.1,-1.365235132
0.1,1.171542832
0.1,16.96367113
0.1,-16.95238963
0.1,16.96166836
0.1,-16.96832143
0.1,-16.95832312
0.1,17.02448164
0.1,16.96551101
0.1,16.9837805
0.1,16.87818884
0.1,16.87384542
0.1,-16.94071875
0.1,16.96871198
0.1,16.962719
0.1,-16.95806078
0.1,-16.96876913
0.1,16.96196793
0.1,16.95840455
0.1,-16.9604075
0.1,16.95998193
0.1,16.96466743
0.1,-16.95813592
0.1,16.95440227
0.1,-16.95394931
0.1,16.96218857
0.1,-16.96394761
0.1,-16.95845658
0.1,16.97706333
0.1,16.97784176
0.1,16.97784176
0.1,16.96021024
0.1,-16.95910392
0.1,16.95849136
0.1,16.95628155
0.1,16.95808158
0.1,16.95807004
0.1,16.9599996
0.1,17.00888205
0.1,-16.96184717
0.1,-16.95986751
0.1,16.95170416
0.1,-16.95926274
0.1,16.96113934
0.1,16.97679058
0.1,16.95570622
0.1,16.96321424
0.1,-16.96336695
0.1,16.9629391
0.1,16.96352594
0.1,16.95585872
0.1,16.96018785
0.1,16.96859676
0.1,16.96594574
0.1,-16.95937285
0.1,16.96196932
0.1,16.96227911
0.1,16.95859187
0.1,16.96401779
0.1,16.9656317
0.1,16.9656317
0.1,16.95564733
0.1,16.96743226
0.1,16.95713732
0.1,16.94778117
0.1,16.96724586
0.1,16.96379312
0.1,-16.95647622
0.1,-16.955913
0.1,16.95944477
0.1,16.95670404
0.1,16.95833993
0.1,16.95661929
0.1,-16.955913
0.1,16.95446721
0.1,16.95944477
0.1,17.22605778
0.1,-16.84546386
0.1,16.9622991
0.1,16.96263844
0.1,16.95755997
0.1,-16.95967443
0.1,-16.96365566
0.1,-16.95967443
0.1,16.96058504
0.1,16.95964871
0.1,16.96058504
0.1,16.95239417
0.1,16.96352043
0.1,-16.96876765
0.1,16.95820319
0.1,16.96557953
0.1,-16.9575688
0.1,16.95820319
0.1,-16.96123907
0.1,-16.96027654
0.1,-16.95856912
0.1,-16.9642501
0.1,-16.95952529
0.1,-16.9642501
0.1,16.9581235
0.1,16.95877028
0.1,16.96220032
0.1,16.96221878
0.1,16.96556771
0.1,-16.95872193
0.1,16.96228829
0.1,16.95685029
0.1,17.14427133
0.1,17.14427133
0.1,-16.96579691
0.1,-16.95970762
0.1,16.95947485
0.1,16.95902585
0.1,16.96307298
0.1,16.96210193
0.1,16.96168307
0.1,16.95947485
0.1,16.95781112
0.1,16.95695166
0.1,-16.96189137
0.1,-16.96332442
0.1,-16.96094116
0.1,16.95628086
0.1,16.96106418
0.1,17.25032694
0.1,17.2411057
0.1,17.25032694
0.1,17.2411057
0.1,16.96231724
0.1,16.95945145
0.1,-16.96258348
0.1,17.20298136
0.1,16.96561801
0.1,16.96208676
0.1,-16.95935563
0.1,16.9661506
0.1,16.96986751
0.1,-16.96862597
0.1,-16.96862597
0.1,-16.96752698
0.1,16.95977401
0.1,16.96342866
0.1,16.95977401
0.1,-16.96141104
0.1,16.96332716
0.1,16.95866474
0.1,16.95866474
0.1,16.95504924
0.1,16.96352107
0.1,16.96321321
0.1,-16.96351807
0.1,16.96841868
0.1,16.96487432
0.1,16.96560801
0.1,16.9646755
0.1,16.96303873
0.1,16.9587218
0.1,16.96237403
0.1,16.95784105
0.1,-16.96788319
0.1,16.97201531
0.1,0.860511484
0.1,0.865468776
0.1,0.859282772
0.1,0.860511484
0.1,0.856808175
0.1,0.857663355
0.1,0.832483199
0.1,0.858514992
0.1,0.832483199
0.1,0.896667523
0.1,0.862617312
0.1,0.860708542
0.1,-0.814206698
0.1,0.860811394
0.1,-0.847806133
0.1,-0.875582652
0.1,0.866004024
0.1,0.85263328
0.1,-0.85959038
0.1,0.864227291
0.1,0.85263328
0.1,0.85383225
0.1,-0.862340484
0.1,0.858045866
0.1,-0.856682402
0.1,0.869901637
0.1,-0.796294082
0.1,-0.863683416
0.1,-0.858483438
0.1,-0.857840208
0.1,0.835545567
0.1,0.846466573
0.1,-0.859584325
0.1,0.856469842
0.1,0.548219908
0.1,0.874512018
0.1,0.855685151
0.1,0.860708785
0.1,-0.849003637
0.1,-0.849405849
0.1,-0.839921315
0.1,0.865101311
0.1,0.778406704
0.1,0.787198401
0.1,0.862020511
0.1,0.857025368
0.1,0.876169938
0.1,-0.857854642
0.1,0.853664535
0.1,0.84466367
0.1,0.84466367
0.1,0.856248565
0.1,0.842689499
0.1,0.873883157
0.1,-0.856118019
0.1,-0.857840039
0.1,0.863378321
0.1,0.853683641
0.1,0.879521421
0.1,0.859757433
0.1,0.859757433
0.1,-0.849463219
0.1,0.855614048
0.1,0.881605352
0.1,0.870723151
0.1,-0.852014841
0.1,0.856482635
0.1,-0.908873397
0.1,0.857731732
0.1,0.903132717
0.1,0.803486011
0.1,0.90898897
0.1,0.857731732
0.1,-0.319570516
0.1,0.846099332
0.1,0.862774388
0.1,0.880209396
0.1,-0.854753823
0.1,-0.860504201
0.1,-0.856784074
0.1,-0.854753823
0.1,0.858356921
0.1,0.856458675
0.1,0.860486397
0.1,0.860639802
0.1,0.83451031
0.1,0.867651099
0.1,0.869891017
0.1,-0.824088098
0.1,0.859525766
0.1,-0.860595943
0.1,-0.856852131
0.1,-0.865865549
0.1,-0.863583454
0.1,-0.858583256
0.1,0.858073069
0.1,-0.863583454
0.1,0.905899256
0.1,0.862357679
0.1,0.858303771
0.1,0.859095042
0.1,0.883360466
0.1,0.877483296
0.1,-0.856128211
0.1,0.84799568
0.1,0.856476791
0.1,0.74930676
0.1,-0.859638923
0.1,0.860228989
0.1,0.854176562
0.1,0.862285389
0.1,0.862703352
0.1,0.860228989
0.1,0.854176562
0.1,-0.213972649
0.1,0.849405416
0.1,-0.213972649
0.1,0.856372057
0.1,0.938459332
0.1,-0.852638535
0.1,-0.865096833
0.1,-0.857638567
0.1,0.773222043
0.1,0.860182108
0.1,0.860182108
0.1,0.807887178
0.1,0.855074128
0.1,-0.857029508
0.1,0.878946561
0.1,0.859969052
0.1,-0.856779116
0.1,0.800075458
0.1,0.802154362
0.1,0.871921282
0.1,0.860689577
0.1,0.854008281
0.1,0.864958838
0.1,0.973098147
0.1,-0.86586766
0.1,-0.866284045
0.1,0.856646283
0.1,0.858679864
0.1,-0.858325861
0.1,0.853126396
0.1,0.854851809
0.1,0.8559542
0.1,0.867865852
0.1,0.863480862
0.1,0.868785568
0.1,0.866367615
0.1,0.875173193
0.1,-0.856987298
0.1,0.852561748
0.1,0.858440607
0.1,0.858440607
0.1,0.863725565
0.1,0.859216204
0.1,-0.716591987
0.1,-0.762558502
0.1,0.855361985
0.1,0.464239749
0.1,0.46333698
0.1,-0.278213206
0.1,0.464239749
0.1,0.462018349
0.1,0.46230732
0.1,-0.433460871
0.1,-0.459790975
0.1,0.449490235
0.1,0.455830985
0.1,0.449490235
0.1,0.468285894
0.1,0.352492334
0.1,0.460839272
0.1,-0.441579575
0.1,0.283411765
0.1,0.458547855
0.1,-0.257928538
0.1,0.43010184
0.1,0.444562477
0.1,-0.45377104
0.1,0.45323931
0.1,0.446810144
0.1,0.43010184
0.1,0.458636997
0.1,-0.465581211
0.1,0.452538887
0.1,-0.447141106
0.1,0.470075693
0.1,-0.395273471
0.1,0.448852941
0.1,-0.451329716
0.1,-0.463740757
0.1,0.421322482
0.1,0.460642948
0.1,0.460642948
0.1,0.438689958
0.1,-0.415389999
0.1,0.455113783
0.1,0.469082779
0.1,-0.46550942
0.1,0.47354663
0.1,0.421537574
0.1,0.454639509
0.1,-0.453975767
0.1,0.469185402
0.1,0.464184071
0.1,0.217599578
0.1,-0.461003715
0.1,0.457696854
0.1,0.474091513
0.1,-0.462934899
0.1,0.437414682
0.1,0.437414682
0.1,0.461653703
0.1,0.441276664
0.1,0.473645642
0.1,-0.462889953
0.1,-0.462385043
0.1,0.459166457
0.1,0.430338198
0.1,0.461096354
0.1,0.461096354
0.1,-0.432659838
0.1,0.445054577
0.1,0.468873459
0.1,0.46214785
0.1,0.192067729
0.1,0.470847167
0.1,0.35316328
0.1,-0.455428569
0.1,0.448168865
0.1,-0.362057023
0.1,0.461009847
0.1,0.421246968
0.1,-0.362057023
0.1,0.462807238
0.1,-0.412601972
0.1,0.348720546
0.1,0.437362211
0.1,0.44974151
0.1,0.469570924
0.1,-0.464794434
0.1,-0.461593416
0.1,0.462371877
0.1,0.46221963
0.1,-0.474126456
0.1,0.455574879
0.1,0.451564053
0.1,0.468213028
0.1,0.470105156
0.1,-0.385090321
0.1,0.451564053
0.1,-0.446601054
0.1,-0.455096681
0.1,-0.464536488
0.1,-0.452767231
0.1,0.461544397
0.1,0.45637488
0.1,0.461746853
0.1,0.45564193
0.1,0.434150247
0.1,0.508361973
0.1,0.506225522
0.1,-0.463194318
0.1,-0.442353182
0.1,-0.442353182
0.1,-0.437502653
0.1,0.458638494
0.1,0.439639999
0.1,0.465297116
0.1,0.46058417
0.1,0.460451336
0.1,0.458638494
0.1,0.439639999
0.1,0.05556247
0.1,0.458657708
0.1,0.05556247
0.1,0.466697624
0.1,0.444007344
0.1,0.417125508
0.1,-0.442739872
0.1,-0.462094224
0.1,0.460839351
0.1,0.460839351
0.1,0.382188375
0.1,0.388373691
0.1,0.382188375
0.1,0.461120988
0.1,-0.451507185
0.1,0.408703084
0.1,-0.458722802
0.1,0.408079615
0.1,0.410045774
0.1,0.471733912
0.1,0.459120414
0.1,-0.437685002
0.1,0.298994054
0.1,0.431704116
0.1,-0.415641686
0.1,-0.415641686
0.1,-0.462853016
0.1,0.462368147
0.1,0.462368147
0.1,-0.454553457
0.1,0.466576983
0.1,0.426469788
0.1,0.351219626
0.1,0.457065209
0.1,-0.453879533
0.1,0.47131037
0.1,0.470137822
0.1,0.460164715
0.1,0.470959973
0.1,0.474394898
0.1,-0.453081958
0.1,0.460675749
0.1,0.46641068
0.1,-0.147005226
0.1,0.337361889
0.25,3.496746517
0.25,3.498348192
0.25,3.49772302
0.25,-3.498055466
0.25,3.496746517
0.25,3.496929369
0.25,3.497490163
0.25,-3.500477144
0.25,-3.498968516
0.25,3.498354793
0.25,3.505464602
0.25,3.529474816
0.25,3.493499987
0.25,3.524808899
0.25,3.492081415
0.25,-3.494429229
0.25,-3.498079625
0.25,3.498379761
0.25,3.499123541
0.25,3.499359893
0.25,-3.500713925
0.25,3.496770187
0.25,3.501348742
0.25,3.499123541
0.25,3.497146947
0.25,-3.498039818
0.25,-3.509389211
0.25,3.497550869
0.25,-3.498888736
0.25,3.502527178
0.25,-3.497617471
0.25,-3.496971163
0.25,-3.49936499
0.25,3.499617533
0.25,3.503020382
0.25,3.503020382
0.25,3.499646575
0.25,-3.499278832
0.25,3.49907174
0.25,3.497015188
0.25,3.497812149
0.25,3.499633489
0.25,3.498624742
0.25,3.500165615
0.25,3.500166116
0.25,-3.496304647
0.25,-3.496319841
0.25,3.506198541
0.25,-3.497272442
0.25,3.537773164
0.25,3.498641463
0.25,-3.497824914
0.25,3.49801341
0.25,-3.497639169
0.25,3.499992172
0.25,3.513431332
0.25,-3.497465474
0.25,3.498620265
0.25,3.498728995
0.25,3.49937842
0.25,3.498790952
0.25,-3.516060373
0.25,3.498509189
0.25,3.498014781
0.25,3.497866954
0.25,3.496886641
0.25,3.504737683
0.25,-3.499694109
0.25,3.497872564
0.25,3.498126261
0.25,3.49909656
0.25,3.512869014
0.25,-3.499694109
0.25,3.500029594
0.25,2.987529564
0.25,3.507869259
0.25,3.500760199
0.25,3.499424785
0.25,-3.499364975
0.25,-3.497891653
0.25,-3.497393453
0.25,-3.499364975
0.25,3.498484056
0.25,3.498484056
0.25,3.491803034
0.25,3.49890195
0.25,-3.498148025
0.25,3.515090698
0.25,3.499487898
0.25,3.498005371
0.25,3.497679237
0.25,-3.500692128
0.25,3.499487898
0.25,-3.498615581
0.25,-3.499123009
0.25,-3.497868205
0.25,-3.501196843
0.25,3.497805723
0.25,-3.497868205
0.25,3.5029215
0.25,3.497157096
0.25,3.498756922
0.25,3.497579665
0.25,3.496569058
0.25,3.505115614
0.25,2.993061803
0.25,-3.505620255
0.25,-3.49701622
0.25,3.499374833
0.25,3.498430143
0.25,3.49842277
0.25,3.498975312
0.25,3.499374833
0.25,-3.403067669
0.25,3.497148053
0.25,-3.403067669
0.25,3.506182681
0.25,3.444717497
0.25,3.499798946
0.25,-3.497942299
0.25,3.500269391
0.25,3.494282916
0.25,3.490117705
0.25,3.488311202
0.25,3.490117705
0.25,3.488311202
0.25,-3.503597328
0.25,3.503256755
0.25,3.503953131
0.25,-3.49769209
0.25,3.510815204
0.25,3.498493924
0.25,3.49752217
0.25,-3.514006697
0.25,3.493129256
0.25,-3.50090439
0.25,-3.50090439
0.25,-3.497917051
0.25,3.499211984
0.25,3.497476104
0.25,3.496093222
0.25,3.499403751
0.25,3.499403751
0.25,3.500421951
0.25,3.499441673
0.25,-3.498364412
0.25,3.49879341
0.25,3.497433801
0.25,3.498138374
0.25,3.498543987
0.25,3.500211546
0.25,-3.50175108
0.25,3.497392473
0.25,3.498126209
0.25,3.498126209
0.25,3.499125228
0.25,3.500972895
0.25,-3.482100707
0.25,-3.05415716
0.25,3.547632394
0.25,1.997434691
0.25,1.993257423
0.25,1.995952064
0.25,-2.022523578
0.25,1.997434691
0.25,1.998037545
0.25,-2.018687044
0.25,-1.987328609
0.25,2.005942702
0.25,2.00019914
0.25,2.005942702
0.25,2.01065291
0.25,1.998840411
0.25,1.996401918
0.25,-2.035753042
0.25,2.020435149
0.25,1.997356762
0.25,-1.993995918
0.25,1.997669973
0.25,2.002171822
0.25,1.999105457
0.25,2.003463671
0.25,2.002171822
0.25,2.002988114
0.25,1.972935275
0.25,1.991533741
0.25,-1.971046332
0.25,2.000668522
0.25,-1.99732679
0.25,-1.997471523
0.25,2.008240657
0.25,2.008240657
0.25,1.997154549
0.25,1.985197861
0.25,1.468863089
0.25,1.995689627
0.25,2.005226022
0.25,1.990305682
0.25,1.987746356
0.25,1.948806387
0.25,-1.999196853
0.25,2.019022879
0.25,-1.992940966
0.25,1.993691341
0.25,1.997184821
0.25,2.040737156
0.25,1.995342188
0.25,-1.997650685
0.25,1.992484241
0.25,1.994215827
0.25,-1.99750879
0.25,2.00598465
0.25,2.019640413
0.25,2.019640413
0.25,1.998926154
0.25,2.016788923
0.25,2.002955031
0.25,-1.997250842
0.25,-1.997043122
0.25,1.994612908
0.25,1.994838112
0.25,1.996202054
0.25,1.991014119
0.25,1.991014119
0.25,-2.012033664
0.25,1.996604043
0.25,1.991115739
0.25,2.016340997
0.25,1.992074491
0.25,2.010244544
0.25,-1.968227372
0.25,1.997535793
0.25,1.997311502
0.25,1.997774373
0.25,1.986668656
0.25,-1.997500608
0.25,1.998751314
0.25,1.997311502
0.25,1.306151558
0.25,-1.896432633
0.25,-1.998110925
0.25,-1.998844019
0.25,-1.998110925
0.25,1.995678488
0.25,1.99768127
0.25,1.995678488
0.25,2.025921685
0.25,1.996628741
0.25,-1.995622686
0.25,2.035620121
0.25,1.998331424
0.25,1.990708253
0.25,-1.995948127
0.25,-1.996437763
0.25,1.997142269
0.25,-1.994036044
0.25,1.996788084
0.25,1.992482981
0.25,1.994258155
0.25,-1.995520767
0.25,2.008515053
0.25,2.021650509
0.25,1.419003018
0.25,1.419003018
0.25,-2.017434121
0.25,-1.99450385
0.25,1.995581751
0.25,1.994077853
0.25,1.99450442
0.25,1.998940166
0.25,-1.997850105
0.25,-1.997850105
0.25,2.022906551
0.25,1.676279052
0.25,2.001157595
0.25,-2.010108991
0.25,-1.993495285
0.25,-1.998519687
0.25,1.997678693
0.25,1.941963966
0.25,1.941963966
0.25,1.944261782
0.25,1.942513258
0.25,1.944261782
0.25,1.942513258
0.25,2.000961678
0.25,-1.983613563
0.25,1.967631886
0.25,1.976407244
0.25,1.997678843
0.25,1.990314489
0.25,1.989894185
0.25,1.945837665
0.25,2.003270195
0.25,-2.009797887
0.25,1.895012484
0.25,-1.983636617
0.25,1.998134395
0.25,2.000331137
0.25,1.998134395
0.25,-1.999441737
0.25,1.998610951
0.25,1.998802846
0.25,1.998802846
0.25,2.001214522
0.25,2.002702948
0.25,2.002798749
0.25,-2.003715109
0.25,1.996717563
0.25,1.99029523
0.25,1.995694415
0.25,1.999717262
0.25,2.005903696
0.25,-1.984243363
0.25,1.98892042
0.25,1.995849216
0.25,1.995849216
0.25,1.995514357
0.25,-1.212756428
0.25,1.998359328
0.25,23.39910749
0.25,-23.39831098
0.25,23.40852419
0.25,-23.41228147
0.25,-23.40436294
0.25,23.29111225
0.25,23.40525536
0.25,23.42042527
0.25,23.39788108
0.25,23.39646179
0.25,-23.36394882
0.25,23.41535116
0.25,23.40807832
0.25,-23.40856826
0.25,-23.4043184
0.25,23.38419965
0.25,23.40538102
0.25,-23.39354585
0.25,23.40631376
0.25,23.40661609
0.25,-23.40337876
0.25,23.3642703
0.25,-23.37038436
0.25,23.40513428
0.25,-23.40522783
0.25,-23.40499471
0.25,23.40665331
0.25,23.30320096
0.25,23.30320096
0.25,23.40361168
0.25,-23.40633365
0.25,23.40597578
0.25,23.52811903
0.25,23.4048209
0.25,23.40216997
0.25,23.39266317
0.25,23.42166749
0.25,-23.406532
0.25,-23.40352758
0.25,23.38474492
0.25,-23.34410981
0.25,23.38645277
0.25,23.41863919
0.25,23.26393014
0.25,23.4003859
0.25,-23.40765635
0.25,23.40325498
0.25,23.40894755
0.25,23.39411667
0.25,23.40747839
0.25,23.41316999
0.25,23.40307685
0.25,-23.40646685
0.25,23.39455918
0.25,23.3968169
0.25,23.40641402
0.25,23.41113994
0.25,23.40460488
0.25,23.40460488
0.25,23.39042887
0.25,23.40525276
0.25,23.3999112
0.25,23.4033387
0.25,23.40335733
0.25,23.41002024
0.25,-23.36104228
0.25,-23.40482761
0.25,23.40701914
0.25,23.42524208
0.25,23.40389881
0.25,23.31561486
0.25,-23.40482761
0.25,23.40284888
0.25,23.40701914
0.25,23.7364125
0.25,-23.3987107
0.25,23.41014294
0.25,23.40618579
0.25,23.40087529
0.25,-23.40713785
0.25,-23.4068391
0.25,-23.40713785
0.25,23.40641759
0.25,23.40695621
0.25,23.40641759
0.25,23.41135079
0.25,23.40430784
0.25,-23.40492638
0.25,23.40581999
0.25,23.40512329
0.25,-23.39779404
0.25,23.40581999
0.25,-23.40254084
0.25,-23.40622001
0.25,-23.4054326
0.25,-23.40536781
0.25,-23.39306277
0.25,-23.40536781
0.25,23.40110825
0.25,23.38266172
0.25,23.40122961
0.25,23.3929728
0.25,23.39637086
0.25,-23.40543411
0.25,23.40714851
0.25,23.38844407
0.25,23.77486292
0.25,23.77486292
0.25,-23.41320657
0.25,-23.40593579
0.25,23.40557061
0.25,23.40676616
0.25,23.4068343
0.25,23.39326631
0.25,23.39029816
0.25,23.40557061
0.25,23.40078079
0.25,23.40311764
0.25,-23.40651489
0.25,-23.39502506
0.25,-23.40788772
0.25,23.54128569
0.25,23.34437192
0.25,23.42045583
0.25,23.41293436
0.25,23.42045583
0.25,23.41293436
0.25,23.408134
0.25,23.39962347
0.25,-23.40880477
0.25,23.37555339
0.25,23.40498388
0.25,23.40878364
0.25,-23.40501453
0.25,23.41333548
0.25,23.39645993
0.25,-23.40997824
0.25,-23.40997824
0.25,-23.34924713
0.25,23.40722374
0.25,23.40802512
0.25,23.40722374
0.25,-23.39987998
0.25,23.40767323
0.25,23.40647853
0.25,23.40647853
0.25,23.39747286
0.25,23.40886264
0.25,23.40726963
0.25,-23.4090639
0.25,23.40751246
0.25,23.40506766
0.25,23.39539456
0.25,23.3931611
0.25,23.33368477
0.25,23.40646338
0.25,23.38546346
0.25,23.38607142
0.25,-23.41743719
0.25,23.43354435
0.25,1.134168577
0.25,1.11352274
0.25,1.120001629
0.25,1.134168577
0.25,1.126384281
0.25,1.118823615
0.25,1.08010747
0.25,1.097239252
0.25,1.08010747
0.25,1.015415092
0.25,1.12839134
0.25,1.125542311
0.25,-1.088360997
0.25,1.129791699
0.25,-1.097854991
0.25,-1.14049806
0.25,1.110473498
0.25,1.115835943
0.25,-1.081855156
0.25,1.133387115
0.25,1.115835943
0.25,1.12080089
0.25,-1.137700513
0.25,1.040040429
0.25,-1.041262909
0.25,1.124554886
0.25,-1.076994152
0.25,-1.131968823
0.25,-1.130447438
0.25,-1.121092967
0.25,1.078052714
0.25,1.108801046
0.25,-1.123609403
0.25,1.144504649
0.25,1.125804465
0.25,1.137476406
0.25,1.126801766
0.25,1.126329642
0.25,-1.11218851
0.25,-1.117678916
0.25,-1.069049736
0.25,1.117137459
0.25,1.054307377
0.25,1.07153849
0.25,1.110571721
0.25,1.120929015
0.25,1.142474756
0.25,-1.12055358
0.25,1.097624903
0.25,1.092326818
0.25,1.092326818
0.25,1.119779037
0.25,1.098431704
0.25,1.144078799
0.25,-1.120575015
0.25,-1.125047558
0.25,1.100067163
0.25,1.117867247
0.25,1.146760317
0.25,1.123471879
0.25,1.123471879
0.25,-1.056062148
0.25,1.048930668
0.25,1.155230572
0.25,1.126597883
0.25,-1.054657675
0.25,1.060746383
0.25,-1.16237112
0.25,1.12216245
0.25,1.165707591
0.25,1.07238968
0.25,1.159278459
0.25,1.12216245
0.25,-0.786128628
0.25,1.083823293
0.25,1.132127616
0.25,1.15753393
0.25,-1.119509822
0.25,-1.120536607
0.25,-1.115748307
0.25,-1.119509822
0.25,1.121639712
0.25,1.123013202
0.25,1.069629432
0.25,1.089454848
0.25,1.111267629
0.25,1.12530353
0.25,1.125818737
0.25,-1.081725028
0.25,1.122553123
0.25,-1.125366997
0.25,-1.121187931
0.25,-1.13636059
0.25,-1.114166788
0.25,-1.073515633
0.25,1.121178214
0.25,-1.114166788
0.25,1.173830241
0.25,1.133475757
0.25,1.077008577
0.25,1.124557687
0.25,1.176658941
0.25,1.173840658
0.25,-1.123615083
0.25,1.09803612
0.25,1.126259305
0.25,1.248347969
0.25,-1.13200781
0.25,1.122920883
0.25,1.11861525
0.25,1.118532746
0.25,1.096143482
0.25,1.122920883
0.25,1.11861525
0.25,-0.621739248
0.25,1.117671762
0.25,-0.621739248
0.25,1.130747587
0.25,1.125804472
0.25,-1.07148493
0.25,-1.114203518
0.25,-1.113927068
0.25,0.479160829
0.25,1.047572956
0.25,1.047572956
0.25,1.122824672
0.25,1.12969084
0.25,-1.057526309
0.25,1.152672694
0.25,1.125535854
0.25,-1.111222152
0.25,1.072016126
0.25,1.072440616
0.25,1.131935553
0.25,1.039926568
0.25,1.107708631
0.25,1.126122794
0.25,1.209056263
0.25,-1.131152368
0.25,-1.028222078
0.25,1.119760645
0.25,1.082743067
0.25,-1.097768198
0.25,1.117240657
0.25,1.115497209
0.25,1.098921965
0.25,1.128345358
0.25,1.134604303
0.25,1.125339329
0.25,1.122122978
0.25,1.142923084
0.25,-1.057945281
0.25,1.075586581
0.25,1.12628035
0.25,1.12628035
0.25,1.113674586
0.25,1.082190927
0.25,-0.982025692
0.25,-1.285991997
0.25,1.005111575
0.25,25.31420066
0.25,25.33025371
0.25,-25.30069303
0.25,25.31420066
0.25,25.32231573
0.25,25.33146256
0.25,-25.3250448
0.25,-25.30463315
0.25,25.30410672
0.25,25.32992
0.25,25.30410672
0.25,25.31262438
0.25,25.29803501
0.25,25.33512749
0.25,-25.31993853
0.25,25.29950654
0.25,25.31416471
0.25,-25.30388926
0.25,25.31409987
0.25,25.31860793
0.25,-25.31307408
0.25,25.32977082
0.25,25.30295671
0.25,25.31409987
0.25,25.32482276
0.25,-25.30726697
0.25,25.2848214
0.25,-25.29480934
0.25,25.3334847
0.25,-25.34914971
0.25,25.3014955
0.25,-25.3063938
0.25,-25.31355002
0.25,25.32700419
0.25,25.30916547
0.25,25.30916547
0.25,25.32060102
0.25,-25.30991476
0.25,25.32283055
0.25,25.31038091
0.25,25.26135009
0.25,25.33019297
0.25,25.31702238
0.25,25.2859272
0.25,-25.32441424
0.25,25.31894411
0.25,25.33191047
0.25,25.28893184
0.25,-25.33322363
0.25,25.32978171
0.25,25.3287095
0.25,-25.32896026
0.25,25.32605776
0.25,25.32605776
0.25,25.32775932
0.25,25.32469006
0.25,25.32204174
0.25,-25.31943258
0.25,-25.32273793
0.25,25.32142378
0.25,25.30701413
0.25,25.33148245
0.25,25.33148245
0.25,-25.3179176
0.25,25.3034124
0.25,25.32477166
0.25,25.31790141
0.25,25.33759447
0.25,25.32969296
0.25,25.30450046
0.25,-25.27575502
0.25,25.30392834
0.25,-25.32249084
0.25,25.30211054
0.25,25.31979541
0.25,-25.32249084
0.25,25.32775282
0.25,25.31833747
0.25,-25.14150549
0.25,25.3260382
0.25,25.30483927
0.25,25.29745981
0.25,-25.33381604
0.25,-25.33090423
0.25,25.32518247
0.25,25.33019961
0.25,-25.32752642
0.25,25.31896638
0.25,25.32424902
0.25,25.33552327
0.25,25.33451111
0.25,-25.31039226
0.25,25.32424902
0.25,-25.32556574
0.25,-25.30549897
0.25,-25.33479813
0.25,-25.30635886
0.25,25.32141032
0.25,25.29422725
0.25,25.31243036
0.25,25.29985605
0.25,25.32117285
0.25,25.31745798
0.25,25.31700915
0.25,-25.31728327
0.25,25.28802482
0.25,25.28802482
0.25,-25.31528518
0.25,25.32836542
0.25,25.31129653
0.25,25.33503931
0.25,25.32024763
0.25,25.31646264
0.25,25.32836542
0.25,25.31129653
0.25,-25.33227535
0.25,25.3210191
0.25,-25.33227535
0.25,25.31834931
0.25,25.33088099
0.25,25.31664147
0.25,-25.31992058
0.25,-25.33289696
0.25,25.2675386
0.25,25.2675386
0.25,25.3723175
0.25,25.36463418
0.25,25.3723175
0.25,25.31909058
0.25,-25.29146959
0.25,25.29064923
0.25,-25.33182948
0.25,25.33010249
0.25,25.32867561
0.25,25.33358779
0.25,25.27077609
0.25,-25.30782144
0.25,25.30097032
0.25,25.31896492
0.25,-25.2941991
0.25,-25.2941991
0.25,-25.27198912
0.25,25.32875048
0.25,25.32875048
0.25,-25.3272018
0.25,25.31166222
0.25,25.30546379
0.25,25.31001817
0.25,25.3296834
0.25,-25.33042232
0.25,25.32254994
0.25,25.33486695
0.25,25.31000726
0.25,25.32227771
0.25,25.32433914
0.25,-25.28921391
0.25,25.31904055
0.25,25.31707042
0.25,-25.29832631
0.25,-25.38860671
0.5,0.394245958
0.5,0.221317522
0.5,0.370020835
0.5,-0.317608586
0.5,0.394245958
0.5,0.355599631
0.5,0.369997632
0.5,-0.155362731
0.5,-0.465984674
0.5,0.26975093
0.5,-0.183581364
0.5,-0.457586716
0.5,0.339893869
0.5,0.436377905
0.5,0.279310044
0.5,-0.259486102
0.5,-0.379796126
0.5,0.166844335
0.5,0.430188155
0.5,0.446594297
0.5,-0.078038834
0.5,0.359874907
0.5,0.468906361
0.5,0.430188155
0.5,0.311297479
0.5,-0.451702994
0.5,0.24608108
0.5,0.33590626
0.5,0.438740173
0.5,0.079707584
0.5,-0.361446219
0.5,-0.405467666
0.5,-0.44296242
0.5,0.140530099
0.5,-0.041475791
0.5,-0.041475791
0.5,0.441256747
0.5,-0.428485521
0.5,0.447469215
0.5,0.414902091
0.5,0.366112918
0.5,0.415291538
0.5,0.461789113
0.5,0.070973617
0.5,0.33624457
0.5,-0.343190516
0.5,-0.388765157
0.5,0.317480287
0.5,0.091314871
0.5,-0.189686751
0.5,0.224429099
0.5,-0.327232093
0.5,0.416320408
0.5,-0.405373118
0.5,0.189966673
0.5,-0.10394871
0.5,-0.413346446
0.5,0.184955835
0.5,0.186343585
0.5,0.449782781
0.5,0.477340415
0.5,0.156652114
0.5,0.451787527
0.5,0.450096666
0.5,0.226195088
0.5,0.349509027
0.5,-0.033214734
0.5,-0.39365129
0.5,0.423864549
0.5,0.499109606
0.5,0.467869401
0.5,-0.104958984
0.5,-0.39365129
0.5,0.37357576
0.5,0.310665796
0.5,0.003520997
0.5,0.469933677
0.5,0.470034986
0.5,-0.452424948
0.5,-0.374559756
0.5,-0.387364607
0.5,-0.452424948
0.5,0.42376886
0.5,0.42376886
0.5,0.172031363
0.5,0.214890578
0.5,-0.415075091
0.5,0.297884576
0.5,0.445924266
0.5,0.386882121
0.5,0.362210776
0.5,-0.423153218
0.5,0.445924266
0.5,-0.431367108
0.5,-0.465746521
0.5,-0.324496382
0.5,-0.049606905
0.5,0.427667491
0.5,-0.324496382
0.5,0.492434878
0.5,0.402590334
0.5,0.422207077
0.5,0.394179557
0.5,0.320074232
0.5,0.325950816
0.5,0.307577398
0.5,-0.043975496
0.5,-0.415016468
0.5,0.451784612
0.5,0.193702085
0.5,0.173820463
0.5,0.436325869
0.5,0.451784612
0.5,0.093607707
0.5,0.428707251
0.5,0.093607707
0.5,0.373076949
0.5,-0.451765126
0.5,0.410015761
0.5,-0.25485096
0.5,-0.051808624
0.5,-0.28831761
0.5,-0.455470248
0.5,-0.451765139
0.5,-0.455470248
0.5,-0.451765139
0.5,0.102785672
0.5,0.491269003
0.5,0.428376668
0.5,-0.313935388
0.5,-0.425595344
0.5,-0.268444713
0.5,0.30252534
0.5,0.125744233
0.5,0.285017924
0.5,-0.447430491
0.5,-0.447430491
0.5,0.381478394
0.5,0.218297615
0.5,0.411983423
0.5,0.350784009
0.5,0.449327537
0.5,0.449327537
0.5,0.393229257
0.5,0.210566032
0.5,-0.262946754
0.5,0.447062742
0.5,0.422144646
0.5,0.332089648
0.5,0.314384094
0.5,0.355504123
0.5,0.083772186
0.5,-0.067953098
0.5,0.443419032
0.5,0.443419032
0.5,0.225850342
0.5,0.061043707
0.5,-0.196030327
0.5,-0.252318048
0.5,-0.430502916
0.5,-0.369346489
0.5,-0.405931024
0.5,-0.384986567
0.5,0.227151059
0.5,-0.369346489
0.5,-0.38093917
0.5,0.378083666
0.5,0.376043684
0.5,0.085478317
0.5,-0.404552786
0.5,0.085478317
0.5,-0.306738769
0.5,-0.276348702
0.5,-0.269525796
0.5,0.144321444
0.5,-0.23107561
0.5,-0.371748148
0.5,0.399476223
0.5,-0.351348265
0.5,-0.341285074
0.5,-0.352031202
0.5,-0.378164332
0.5,-0.341285074
0.5,-0.379152953
0.5,-0.281868068
0.5,-0.404073222
0.5,-0.404580742
0.5,-0.39214697
0.5,0.369572532
0.5,0.357057198
0.5,-0.102084899
0.5,-0.102084899
0.5,-0.361604652
0.5,-0.36054824
0.5,0.123602324
0.5,-0.394911246
0.5,-0.322059826
0.5,-0.370212343
0.5,-0.324122918
0.5,-0.404692975
0.5,0.363791254
0.5,-0.314609532
0.5,0.162205997
0.5,-0.400797114
0.5,-0.300564732
0.5,0.174442025
0.5,-0.407697076
0.5,0.399159845
0.5,-0.367740406
0.5,-0.39980927
0.5,0.375719539
0.5,-0.403575382
0.5,-0.40438919
0.5,-0.40438919
0.5,-0.375541793
0.5,-0.371628257
0.5,-0.384759197
0.5,0.36994248
0.5,0.369459943
0.5,-0.394867662
0.5,-0.398041837
0.5,-0.380476984
0.5,-0.380130147
0.5,-0.380130147
0.5,0.396532318
0.5,-0.372321139
0.5,-0.366028063
0.5,-0.202021988
0.5,-0.402446456
0.5,-0.280718609
0.5,0.174859028
0.5,-0.381820673
0.5,-0.37139525
0.5,-0.413595914
0.5,-0.3761746
0.5,0.363520949
0.5,-0.346711945
0.5,-0.37139525
0.5,0.27819459
0.5,-0.154428247
0.5,0.356108146
0.5,0.378276746
0.5,0.356108146
0.5,-0.371466765
0.5,-0.370692973
0.5,-0.371466765
0.5,-0.14685333
0.5,-0.402514835
0.5,0.398192132
0.5,-0.204492699
0.5,-0.353197607
0.5,-0.40396953
0.5,0.349491008
0.5,0.366704332
0.5,-0.374095087
0.5,0.400614287
0.5,-0.369223558
0.5,-0.342328003
0.5,-0.352323042
0.5,0.368661523
0.5,-0.374576126
0.5,-0.294103817
0.5,0.2159503
0.5,0.2159503
0.5,0.404489972
0.5,0.368667534
0.5,-0.365247277
0.5,-0.396916464
0.5,-0.389781186
0.5,-0.353748928
0.5,-0.191131584
0.5,-0.191131584
0.5,-0.307968184
0.5,0.186059501
0.5,-0.324915889
0.5,0.407070059
0.5,0.404402758
0.5,0.38034426
0.5,0.303916905
0.5,-0.130223545
0.5,-0.130223545
0.5,0.429670084
0.5,0.427732856
0.5,0.429670084
0.5,0.427732856
0.5,-0.368922918
0.5,0.315103226
0.5,-0.40448995
0.5,-0.395899132
0.5,0.36175442
0.5,0.366329358
0.5,-0.399684239
0.5,-0.169781939
0.5,-0.385631485
0.5,0.39221815
0.5,-0.490567136
0.5,0.38492681
0.5,-0.373071062
0.5,-0.408326252
0.5,-0.373071062
0.5,0.407670496
0.5,-0.363075853
0.5,-0.353656863
0.5,-0.353656863
0.5,-0.320994502
0.5,-0.394957847
0.5,-0.407514915
0.5,0.401838521
0.5,-0.399929423
0.5,-0.396050334
0.5,-0.368159911
0.5,-0.374295498
0.5,-0.368049003
0.5,0.310370852
0.5,-0.18436265
0.5,-0.367241319
0.5,-0.367241319
0.5,-0.382492015
0.5,-0.323070334
0.5,-0.358553306
0.5,1.297860342
0.5,-1.184082445
0.5,1.295278564
0.5,-1.324064721
0.5,-1.304551038
0.5,1.32401184
0.5,1.314396173
0.5,1.210469809
0.5,1.393389862
0.5,1.392445797
0.5,-1.317228436
0.5,1.124963529
0.5,1.29071427
0.5,-1.106301973
0.5,-1.316348816
0.5,1.299061363
0.5,1.264947412
0.5,-1.298039486
0.5,1.301333488
0.5,1.315546364
0.5,-1.31037277
0.5,1.295209936
0.5,-1.29976914
0.5,1.303828157
0.5,-1.295860979
0.5,-1.263603861
0.5,1.356506682
0.5,1.29361762
0.5,1.29361762
0.5,1.26952023
0.5,-1.242949983
0.5,1.269519684
0.5,0.599333653
0.5,1.228324996
0.5,1.320367821
0.5,1.298040431
0.5,1.323783436
0.5,-1.310739921
0.5,-1.315581946
0.5,1.327430892
0.5,-1.284104384
0.5,1.296170007
0.5,1.167685754
0.5,1.325534194
0.5,1.297796142
0.5,-1.292808291
0.5,1.282441043
0.5,1.304953917
0.5,1.316049202
0.5,1.290879236
0.5,1.323990787
0.5,1.333453297
0.5,-1.295235908
0.5,1.297529425
0.5,1.297840525
0.5,1.263737356
0.5,1.364024887
0.5,1.293391115
0.5,1.293391115
0.5,1.307226078
0.5,1.318907513
0.5,1.327557944
0.5,1.116061478
0.5,1.301990362
0.5,1.176047794
0.5,-1.288061016
0.5,-1.324396758
0.5,1.283647345
0.5,1.419686393
0.5,1.30849465
0.5,1.292417825
0.5,-1.324396758
0.5,1.306012248
0.5,1.283647345
0.5,0.778035395
0.5,-0.65227307
0.5,1.322021968
0.5,1.309337586
0.5,1.322318877
0.5,-1.267229847
0.5,-1.289880268
0.5,-1.267229847
0.5,1.277877544
0.5,1.292343041
0.5,1.277877544
0.5,1.044159817
0.5,1.297319171
0.5,-1.323712405
0.5,1.258382986
0.5,1.294052004
0.5,-1.264394074
0.5,1.258382986
0.5,-1.274437495
0.5,-1.276258602
0.5,-1.295592412
0.5,-1.294920768
0.5,-1.298891904
0.5,-1.294920768
0.5,1.329000072
0.5,1.294631451
0.5,1.28522486
0.5,1.351801934
0.5,1.349789486
0.5,-1.299158605
0.5,1.310264199
0.5,1.324858838
0.5,0.620696615
0.5,0.620696615
0.5,-1.316897425
0.5,-1.302133262
0.5,1.271069534
0.5,1.267716802
0.5,1.286790912
0.5,1.29738731
0.5,1.296913447
0.5,1.271069534
0.5,1.322636084
0.5,1.224642577
0.5,-1.310432086
0.5,-1.298196998
0.5,-1.288024907
0.5,0.759850695
0.5,1.287260581
0.5,1.434626138
0.5,1.428987138
0.5,1.434626138
0.5,1.428987138
0.5,1.30567199
0.5,1.349892545
0.5,-1.293896415
0.5,1.43301598
0.5,1.292810357
0.5,1.298362191
0.5,-1.320730491
0.5,1.129698003
0.5,1.443670921
0.5,-1.294932748
0.5,-1.294932748
0.5,-1.29116002
0.5,1.288766517
0.5,1.29712335
0.5,1.288766517
0.5,-1.300106063
0.5,1.313373307
0.5,1.263969447
0.5,1.263969447
0.5,1.274968069
0.5,1.300564673
0.5,1.300864208
0.5,-1.300016966
0.5,1.337040837
0.5,1.28971238
0.5,1.310809287
0.5,1.310705079
0.5,1.282237538
0.5,1.286832486
0.5,1.303300848
0.5,1.297016008
0.5,-1.079105888
0.5,1.32439658
0.5,-0.474272748
0.5,-0.35692051
0.5,-0.470132396
0.5,-0.474272748
0.5,-0.463929617
0.5,-0.455752301
0.5,0.089013582
0.5,-0.303076012
0.5,0.089013582
0.5,0.35528402
0.5,-0.184683664
0.5,-0.177826455
0.5,-0.051598988
0.5,-0.503451649
0.5,0.418797692
0.5,0.378577246
0.5,-0.252811892
0.5,-0.524580661
0.5,0.176087949
0.5,-0.502190215
0.5,-0.524580661
0.5,-0.427092491
0.5,0.471865937
0.5,0.097119994
0.5,-0.031901882
0.5,-0.37172923
0.5,-0.351893106
0.5,0.503855427
0.5,0.471059252
0.5,0.515840323
0.5,-0.097722966
0.5,-0.520834184
0.5,0.515425585
0.5,-0.403683817
0.5,0.171693407
0.5,-0.3684615
0.5,-0.448384951
0.5,-0.378349794
0.5,0.359552282
0.5,0.377362056
0.5,-0.141767882
0.5,-0.395472363
0.5,-0.309416675
0.5,0.163376216
0.5,-0.374843408
0.5,-0.519175017
0.5,-0.368558767
0.5,0.471150244
0.5,-0.314075828
0.5,-0.246650175
0.5,-0.246650175
0.5,-0.45049155
0.5,-0.257226316
0.5,-0.303128416
0.5,0.452261496
0.5,0.486646626
0.5,-0.262957478
0.5,-0.505747689
0.5,-0.44956652
0.5,-0.514555539
0.5,-0.514555539
0.5,0.085424811
0.5,-0.024521194
0.5,-0.389643847
0.5,-0.370430955
0.5,-0.234602434
0.5,-0.079689882
0.5,0.346353289
0.5,-0.482672214
0.5,-0.338875078
0.5,0.238617203
0.5,-0.35411914
0.5,-0.482672214
0.5,-0.364007901
0.5,-0.215589899
0.5,-0.502855009
0.5,-0.462531432
0.5,0.513934575
0.5,0.47082905
0.5,0.430194765
0.5,0.513934575
0.5,-0.506304131
0.5,-0.462297358
0.5,-0.302397702
0.5,-0.223587928
0.5,-0.077244193
0.5,-0.431369893
0.5,-0.389628353
0.5,0.474964216
0.5,-0.511011739
0.5,0.513102901
0.5,0.515271373
0.5,0.497451721
0.5,0.388608922
0.5,0.114470508
0.5,-0.479346269
0.5,0.388608922
0.5,-0.443888882
0.5,-0.494148526
0.5,-0.090237124
0.5,-0.505747496
0.5,-0.388696009
0.5,-0.382388984
0.5,0.457736247
0.5,-0.294432154
0.5,-0.171384299
0.5,0.162050363
0.5,0.476640874
0.5,-0.505795775
0.5,-0.52079839
0.5,-0.438027257
0.5,-0.205516639
0.5,-0.505795775
0.5,-0.52079839
0.5,-0.448337706
0.5,-0.377344328
0.5,-0.448337706
0.5,-0.1792959
0.5,0.423925882
0.5,0.168104383
0.5,0.369353576
0.5,0.41903861
0.5,0.505597929
0.5,0.267606735
0.5,0.267606735
0.5,0.505863519
0.5,-0.435510424
0.5,0.035219702
0.5,-0.474966027
0.5,-0.501877021
0.5,0.399836311
0.5,0.26027848
0.5,0.27478992
0.5,-0.407655203
0.5,0.219745867
0.5,-0.372166314
0.5,-0.45331912
0.5,-0.352795781
0.5,0.484501369
0.5,-0.238934918
0.5,-0.454370718
0.5,-0.202052234
0.5,0.307551719
0.5,-0.507767586
0.5,-0.418476091
0.5,-0.321895321
0.5,-0.455419181
0.5,-0.495475016
0.5,-0.270246405
0.5,-0.238020585
0.5,-0.330034715
0.5,0.013248524
0.5,-0.003577593
0.5,-0.494673693
0.5,-0.494673693
0.5,-0.205311031
0.5,-0.188865823
0.5,0.266901578
0.5,-0.121246354
0.5,0.165129326
0.5,-0.244399441
0.5,-0.163196208
0.5,0.394801475
0.5,-0.244399441
0.5,-0.17635118
0.5,-0.111406115
0.5,-0.155021434
0.5,0.30794538
0.5,-0.112646498
0.5,0.058345232
0.5,-0.112646498
0.5,0.353026924
0.5,-0.351409251
0.5,-0.145353007
0.5,0.254048088
0.5,-0.388097322
0.5,-0.271615548
0.5,0.397148322
0.5,-0.323489171
0.5,-0.298139724
0.5,-0.167246943
0.5,0.005217693
0.5,-0.318963811
0.5,-0.323489171
0.5,-0.120766393
0.5,0.291274114
0.5,0.312719519
0.5,-0.347716802
0.5,-0.100447837
0.5,0.332684945
0.5,0.271322481
0.5,0.307704131
0.5,0.253783061
0.5,0.004311974
0.5,-0.057481904
0.5,-0.057481904
0.5,-0.313177013
0.5,0.337965195
0.5,-0.263338235
0.5,-0.275917534
0.5,0.47482199
0.5,-0.157815855
0.5,-0.343400705
0.5,0.189703315
0.5,0.087032293
0.5,-0.222979039
0.5,-0.01172181
0.5,-0.289945989
0.5,0.016337148
0.5,-0.273636045
0.5,-0.203486747
0.5,0.161766215
0.5,0.090504749
0.5,0.090504749
0.5,-0.137398317
0.5,-0.010572817
0.5,-0.222648954
0.5,0.215490829
0.5,0.207397863
0.5,0.084214587
0.5,-0.323896313
0.5,-0.251298963
0.5,-0.251298963
0.5,-0.287462105
0.5,0.310221176
0.5,-0.273750161
0.5,-0.194789788
0.5,-0.352908224
0.5,-0.090342184
0.5,-0.38152697
0.5,-0.122016277
0.5,0.268748299
0.5,0.32615476
0.5,-0.318841447
0.5,-0.254580719
0.5,0.32615476
0.5,-0.180327162
0.5,0.328777446
0.5,-0.260952618
0.5,0.099365375
0.5,-0.312919758
0.5,-0.353979538
0.5,0.136772003
0.5,0.104674038
0.5,-0.17250469
0.5,-0.209970897
0.5,0.216341794
0.5,-0.245806461
0.5,-0.277506227
0.5,-0.14783187
0.5,-0.119964137
0.5,0.385285043
0.5,-0.277506227
0.5,0.30953108
0.5,0.307413969
0.5,0.073155385
0.5,-0.197207248
0.5,-0.227085579
0.5,-0.35415353
0.5,-0.26905979
0.5,0.145437599
0.5,-0.341065798
0.5,-0.4162184
0.5,-0.415146711
0.5,0.229363736
0.5,0.352797549
0.5,0.352797549
0.5,-0.286752327
0.5,-0.243789505
0.5,-0.311559838
0.5,-0.079707443
0.5,0.068208423
0.5,0.070110478
0.5,-0.243789505
0.5,-0.311559838
0.5,0.096878781
0.5,-0.149598146
0.5,0.096878781
0.5,-0.23888006
0.5,0.094155186
0.5,-0.352967767
0.5,-0.216176189
0.5,0.08260253
0.5,0.209899232
0.5,0.209899232
0.5,-0.368872977
0.5,-0.352746059
0.5,-0.368872977
0.5,-0.180074755
0.5,-0.275315651
0.5,-0.331173818
0.5,0.038816221
0.5,-0.295232838
0.5,-0.286082657
0.5,-0.161776866
0.5,0.266480874
0.5,-0.356851876
0.5,-0.393854961
0.5,-0.280760914
0.5,0.333150352
0.5,0.333150352
0.5,-0.334502489
0.5,-0.144123874
0.5,-0.144123874
0.5,-0.094858531
0.5,-0.253499392
0.5,-0.327346035
0.5,-0.380916567
0.5,-0.053132069
0.5,-0.027787095
0.5,-0.266554319
0.5,-0.159221787
0.5,-0.284342551
0.5,-0.124490722
0.5,-0.203661206
0.5,-0.243743542
0.5,-0.243768863
0.5,-0.072171359
0.5,0.336690306
0.5,-0.246240324
0.6,-1.403026277
0.6,-1.528861775
0.6,-1.467402364
0.6,1.558267114
0.6,-1.403026277
0.6,-1.419950211
0.6,-1.451765885
0.6,1.398887185
0.6,1.425320249
0.6,-1.478747561
0.6,-1.195762557
0.6,-1.523229901
0.6,-1.600453875
0.6,-1.40280825
0.6,-1.598006406
0.6,1.578828275
0.6,1.530162285
0.6,-1.529698471
0.6,-1.524934382
0.6,-1.487718463
0.6,1.538968402
0.6,-1.411112884
0.6,-1.487112329
0.6,-1.524934382
0.6,-1.417292097
0.6,1.39728046
0.6,1.539186564
0.6,-1.523988446
0.6,0.762507572
0.6,-1.522386058
0.6,1.461353617
0.6,1.411155318
0.6,1.488457514
0.6,-1.292228788
0.6,-1.372257106
0.6,-1.372257106
0.6,-1.498959258
0.6,1.523340072
0.6,-1.477574398
0.6,-1.329350889
0.6,-1.53047379
0.6,-1.530060171
0.6,-1.411357016
0.6,-1.540455689
0.6,-1.617193544
0.6,1.378434685
0.6,1.367205116
0.6,-1.484043005
0.6,1.427071316
0.6,-0.963204855
0.6,-1.519378988
0.6,1.47810534
0.6,-1.526421218
0.6,1.447434074
0.6,-1.472421588
0.6,-1.517734643
0.6,1.434479115
0.6,-1.534411519
0.6,-1.532735821
0.6,-1.492746017
0.6,-1.521927585
0.6,1.532196426
0.6,-1.523264088
0.6,-1.381779895
0.6,-1.545060282
0.6,-1.568872845
0.6,-1.542158534
0.6,1.516362638
0.6,-1.447427866
0.6,-1.52915664
0.6,-1.419634929
0.6,-1.219750072
0.6,1.516362638
0.6,-1.517116858
0.6,-1.504491436
0.6,-1.478600451
0.6,-1.478325173
0.6,-1.388426985
0.6,1.489678063
0.6,1.481676386
0.6,1.442235635
0.6,1.489678063
0.6,-1.474886364
0.6,-1.474886364
0.6,-1.575219641
0.6,-1.516301336
0.6,1.528114969
0.6,-1.427067469
0.6,-1.493874695
0.6,-1.502493619
0.6,-1.516728631
0.6,1.520827127
0.6,-1.493874695
0.6,1.473240279
0.6,1.443317439
0.6,1.494332235
0.6,1.540678065
0.6,-1.441489214
0.6,1.494332235
0.6,-1.424064448
0.6,-1.423956114
0.6,-1.278054273
0.6,-1.269184857
0.6,-1.386899647
0.6,-1.491776656
0.6,-1.522005199
0.6,1.479322751
0.6,1.4056254
0.6,-1.491130142
0.6,-1.534806895
0.6,-1.537312717
0.6,-1.482319996
0.6,-1.491130142
0.6,1.522689158
0.6,-1.370800333
0.6,1.522689158
0.6,-1.493107666
0.6,-1.309396838
0.6,-1.532004822
0.6,1.527923182
0.6,-1.522382159
0.6,-1.462049715
0.6,-0.776138326
0.6,-0.791892337
0.6,-0.776138326
0.6,-0.791892337
0.6,1.540680582
0.6,-1.439259696
0.6,-1.55373139
0.6,1.455299455
0.6,-0.772038929
0.6,-1.490926695
0.6,-1.435139768
0.6,1.528262714
0.6,-1.592095615
0.6,1.521927651
0.6,1.521927651
0.6,1.471370399
0.6,-1.494411329
0.6,-1.435828578
0.6,-1.361851149
0.6,-1.496481604
0.6,-1.496481604
0.6,-1.519569491
0.6,-1.485895903
0.6,1.461003864
0.6,-1.527157882
0.6,-1.42638693
0.6,-1.531278771
0.6,-1.529460188
0.6,-1.521960987
0.6,1.535738758
0.6,-1.468396739
0.6,-1.441864597
0.6,-1.441864597
0.6,-1.521766177
0.6,-1.54012032
0.6,1.630368079
0.6,1.276265228
0.6,-1.553421872
0.6,-0.544841983
0.6,-0.567328394
0.6,-0.543957484
0.6,0.350916991
0.6,-0.544841983
0.6,-0.54291257
0.6,0.545058673
0.6,0.558944582
0.6,-0.309356174
0.6,-0.559345894
0.6,-0.309356174
0.6,-0.443602525
0.6,-0.422200545
0.6,-0.414717631
0.6,0.402528013
0.6,-0.359621113
0.6,-0.537330069
0.6,0.568889227
0.6,-0.545032517
0.6,-0.496216272
0.6,-0.510964128
0.6,-0.545824634
0.6,-0.496216272
0.6,-0.545879342
0.6,-0.509635273
0.6,-0.568171637
0.6,0.257911469
0.6,-0.556975634
0.6,0.54410481
0.6,0.515438124
0.6,-0.406695781
0.6,-0.406695781
0.6,-0.521834324
0.6,-0.564829187
0.6,-0.122989155
0.6,-0.567603163
0.6,-0.471184601
0.6,-0.556094162
0.6,-0.52961632
0.6,-0.557111708
0.6,0.548173716
0.6,-0.514069892
0.6,0.446535135
0.6,-0.566858176
0.6,-0.413873027
0.6,-0.218770448
0.6,-0.565597069
0.6,0.555327173
0.6,-0.525420627
0.6,-0.568760744
0.6,0.53927467
0.6,-0.557733642
0.6,-0.555948566
0.6,-0.555948566
0.6,-0.542262061
0.6,-0.543454081
0.6,-0.561383541
0.6,0.542070003
0.6,0.538796467
0.6,-0.563877853
0.6,-0.564748059
0.6,-0.538580856
0.6,-0.538523587
0.6,-0.538523587
0.6,0.553948157
0.6,-0.5476504
0.6,-0.556886205
0.6,-0.333269953
0.6,-0.568730855
0.6,-0.423245282
0.6,0.460309578
0.6,-0.55328964
0.6,-0.537031822
0.6,-0.557111856
0.6,-0.561051425
0.6,0.511193193
0.6,-0.494291819
0.6,-0.537031822
0.6,-0.224546798
0.6,-0.197422232
0.6,0.518413888
0.6,0.542674495
0.6,0.518413888
0.6,-0.531144263
0.6,-0.541924415
0.6,-0.531144263
0.6,-0.265732875
0.6,-0.564765642
0.6,0.568549381
0.6,-0.429792579
0.6,-0.511139302
0.6,-0.565397827
0.6,0.505193822
0.6,0.527079913
0.6,-0.537381784
0.6,0.557214882
0.6,-0.540720127
0.6,-0.539229217
0.6,-0.509846433
0.6,0.545303735
0.6,-0.545448005
0.6,-0.500727564
0.6,-0.149522332
0.6,-0.149522332
0.6,0.556427283
0.6,0.547233991
0.6,-0.523515018
0.6,-0.553748919
0.6,-0.562143526
0.6,-0.514925553
0.6,-0.245528912
0.6,-0.245528912
0.6,-0.50479719
0.6,-0.349703304
0.6,-0.476651977
0.6,0.559839845
0.6,0.567443384
0.6,0.543130066
0.6,0.304257028
0.6,-0.444149622
0.6,-0.444149622
0.6,-0.23131654
0.6,-0.228266892
0.6,-0.23131654
0.6,-0.228266892
0.6,-0.545816653
0.6,0.524754802
0.6,-0.597477203
0.6,-0.564433688
0.6,-0.198539015
0.6,-0.202642316
0.6,-0.560677618
0.6,-0.461664153
0.6,-0.548004802
0.6,0.55227783
0.6,-0.688312382
0.6,0.553346795
0.6,-0.540769849
0.6,-0.563428497
0.6,-0.540769849
0.6,0.564387213
0.6,-0.54880166
0.6,-0.513836801
0.6,-0.513836801
0.6,-0.472844848
0.6,-0.552572075
0.6,-0.561457654
0.6,0.556841908
0.6,-0.567535569
0.6,-0.555016869
0.6,-0.541335783
0.6,-0.557356068
0.6,-0.552045101
0.6,0.522982037
0.6,-0.459619531
0.6,-0.538559767
0.6,-0.538559767
0.6,-0.556174403
0.6,0.245782787
0.6,-0.532537771
0.6,-0.087032417
0.6,0.24229096
0.6,-0.250645903
0.6,0.297299798
0.6,0.325220302
0.6,-0.456450447
0.6,-0.378896539
0.6,-0.362177147
0.6,0.298169414
0.6,0.294750613
0.6,-0.013139094
0.6,-0.387458417
0.6,-0.184095247
0.6,0.362265876
0.6,-0.075886868
0.6,-0.048452378
0.6,-0.240985072
0.6,0.135899505
0.6,-0.298569968
0.6,-0.324668404
0.6,0.325704074
0.6,-0.30716177
0.6,0.312727631
0.6,-0.179239007
0.6,0.123949337
0.6,0.229522706
0.6,-0.357148907
0.6,-0.371851091
0.6,-0.371851091
0.6,-0.150586541
0.6,0.302073922
0.6,-0.254208956
0.6,-0.240430717
0.6,-0.290169019
0.6,-0.33120429
0.6,-0.14142976
0.6,-0.254236879
0.6,0.306188374
0.6,0.325146928
0.6,0.093876881
0.6,0.237224926
0.6,-0.093234761
0.6,-0.380080148
0.6,-0.362160864
0.6,-0.106637788
0.6,0.16260173
0.6,-0.071296108
0.6,-0.200117001
0.6,-0.301916684
0.6,-0.265093122
0.6,-0.291714744
0.6,0.144019215
0.6,0.292281843
0.6,-0.104289507
0.6,-0.108192817
0.6,-0.294979674
0.6,0.228080505
0.6,-0.034272298
0.6,-0.034272298
0.6,-0.244700893
0.6,0.09194518
0.6,-0.335518487
0.6,-0.267923292
0.6,-0.007690807
0.6,-0.352643433
0.6,0.226069666
0.6,-0.117524276
0.6,-0.25914703
0.6,0.362178477
0.6,-0.327741566
0.6,-0.2668151
0.6,-0.117524276
0.6,0.076229501
0.6,-0.25914703
0.6,0.087184797
0.6,0.444484609
0.6,-0.248856815
0.6,-0.327993175
0.6,-0.334593274
0.6,0.313590976
0.6,0.136200588
0.6,0.313590976
0.6,-0.19574644
0.6,-0.280402755
0.6,-0.19574644
0.6,-0.371885026
0.6,-0.128837325
0.6,-0.108005648
0.6,-0.280119093
0.6,-0.06742405
0.6,0.072474643
0.6,-0.280119093
0.6,0.101871396
0.6,0.199752933
0.6,0.319990925
0.6,0.115204201
0.6,0.153964968
0.6,0.115204201
0.6,-0.330331861
0.6,-0.141952284
0.6,-0.030577637
0.6,-0.362130445
0.6,-0.36135079
0.6,0.308584897
0.6,-0.301544697
0.6,0.091770765
0.6,0.012407949
0.6,0.012407949
0.6,0.241558092
0.6,0.30306475
0.6,-0.208520124
0.6,-0.305801173
0.6,-0.145370513
0.6,-0.09526886
0.6,-0.093262495
0.6,-0.208520124
0.6,-0.335237376
0.6,-0.270057748
0.6,0.209241478
0.6,0.073042996
0.6,0.23407158
0.6,-0.36196488
0.6,-0.362047748
0.6,-0.349825561
0.6,-0.362047778
0.6,-0.349825561
0.6,-0.362047778
0.6,-0.28592089
0.6,-0.316879779
0.6,0.211804823
0.6,-0.376355903
0.6,-0.048887755
0.6,-0.256801068
0.6,0.26335522
0.6,-0.379690597
0.6,-0.192116191
0.6,0.329788702
0.6,0.329788702
0.6,0.416384715
0.6,-0.267121934
0.6,-0.175253417
0.6,-0.267121934
0.6,0.148383979
0.6,-0.302704477
0.6,-0.296960169
0.6,-0.296960169
0.6,-0.00839959
0.6,-0.193543569
0.6,-0.175848357
0.6,0.197197995
0.6,0.158284428
0.6,-0.067109447
0.6,0.038983116
0.6,0.036530001
0.6,-0.298385712
0.6,-0.288156113
0.6,-0.014318122
0.6,-0.168971495
0.6,0.405938708
0.6,-0.358800064
0.6,-0.814521656
0.6,-0.99953406
0.6,-0.870690739
0.6,-0.814521656
0.6,-0.819669156
0.6,-0.858568952
0.6,-1.232257452
0.6,-0.974289608
0.6,-1.232257452
0.6,-1.240554801
0.6,-1.345420353
0.6,-1.346903949
0.6,1.247925103
0.6,-0.828895956
0.6,1.105541523
0.6,1.09262937
0.6,-1.100477889
0.6,-0.87327466
0.6,1.073676091
0.6,-0.842765624
0.6,-0.87327466
0.6,-0.830903651
0.6,0.815632458
0.6,-1.178726328
0.6,1.138838231
0.6,-1.034296978
0.6,1.241621813
0.6,0.848460247
0.6,0.814829195
0.6,0.876895606
0.6,-0.963600248
0.6,-0.877915169
0.6,0.92019586
0.6,-0.808423819
0.6,-1.240850043
0.6,-1.089897412
0.6,-0.817195488
0.6,-1.081619643
0.6,0.85235568
0.6,0.835979679
0.6,1.229971678
0.6,-0.96952005
0.6,-1.061622925
0.6,-1.240735464
0.6,-0.954688713
0.6,-0.91734903
0.6,-1.109603805
0.6,0.850912492
0.6,-0.927697945
0.6,-0.913336409
0.6,-0.913336409
0.6,-0.843005546
0.6,-0.892638767
0.6,-1.175769694
0.6,0.838579413
0.6,0.826892885
0.6,-1.050666915
0.6,-0.872762211
0.6,-1.13775136
0.6,-0.912055317
0.6,-0.912055317
0.6,1.039498425
0.6,-1.110195994
0.6,-1.146117944
0.6,-1.044313647
0.6,1.23804461
0.6,-1.09615084
0.6,1.32636521
0.6,-0.84078185
0.6,-1.318133733
0.6,-1.24188478
0.6,-1.318840789
0.6,-0.84078185
0.6,1.082270129
0.6,-0.943974147
0.6,-0.835036808
0.6,-0.862507634
0.6,0.857455506
0.6,0.884727115
0.6,0.867332899
0.6,0.857455506
0.6,-0.861225596
0.6,-0.829493383
0.6,-1.241220731
0.6,-1.050412748
0.6,-1.257945272
0.6,-0.973230895
0.6,-1.020918898
0.6,0.952737825
0.6,-0.890429619
0.6,0.940790041
0.6,0.849246411
0.6,0.840001247
0.6,0.959752053
0.6,1.106682523
0.6,-0.849876836
0.6,0.959752053
0.6,-0.967830418
0.6,-0.824340277
0.6,-1.137259243
0.6,-0.981302581
0.6,-0.877516918
0.6,-0.863402148
0.6,0.826336466
0.6,-0.900175682
0.6,-1.225637978
0.6,-1.323039153
0.6,0.815208788
0.6,-0.890392178
0.6,-0.850634094
0.6,-0.917599936
0.6,-1.096175727
0.6,-0.890392178
0.6,-0.850634094
0.6,0.935672207
0.6,-0.835999124
0.6,0.935672207
0.6,-1.241332055
0.6,-1.275491132
0.6,1.01586211
0.6,0.987075017
0.6,0.884314884
0.6,-1.241373459
0.6,-1.24131153
0.6,-1.24131153
0.6,-1.252851157
0.6,-0.812233823
0.6,1.12812149
0.6,-0.868298722
0.6,-0.872611224
0.6,0.890206916
0.6,-1.24131335
0.6,-1.242251865
0.6,-1.029794828
0.6,-1.225343929
0.6,-0.886655926
0.6,-1.101595852
0.6,-1.241220941
0.6,0.906054564
0.6,1.222780161
0.6,-0.845461719
0.6,-1.045145231
0.6,0.9695694
0.6,-0.870170652
0.6,-0.855872244
0.6,-0.940094186
0.6,-0.965763396
0.6,-0.828068585
0.6,-1.135475199
0.6,-1.152532823
0.6,-1.146312353
0.6,1.14605538
0.6,-1.188150027
0.6,-0.825324017
0.6,-0.825324017
0.6,-1.152319558
0.6,-1.059899482
0.6,1.011612895
0.6,1.308940838
0.6,-1.148469144
0.6,-0.635441497
0.6,-0.718624315
0.6,0.563248379
0.6,-0.635441497
0.6,-0.649553482
0.6,-0.700902586
0.6,0.500583922
0.6,0.650535155
0.6,-0.75129012
0.6,-0.685157925
0.6,-0.75129012
0.6,-0.600926168
0.6,-0.722542154
0.6,-0.174916878
0.6,0.62442765
0.6,-0.606256248
0.6,-0.694269406
0.6,0.474156913
0.6,-0.745735543
0.6,-0.746188866
0.6,0.708625303
0.6,-0.634063274
0.6,-0.686624581
0.6,-0.745735543
0.6,-0.624154757
0.6,0.621755872
0.6,-0.670416727
0.6,0.61906078
0.6,-0.745812965
0.6,0.687709943
0.6,-0.665796718
0.6,0.690339752
0.6,0.64704165
0.6,-0.351379688
0.6,-0.751666813
0.6,-0.751666813
0.6,-0.745355622
0.6,0.74225377
0.6,-0.740884527
0.6,-0.523632875
0.6,-0.123239383
0.6,-0.720551596
0.6,-0.725157617
0.6,-0.736124306
0.6,0.580865463
0.6,-0.612353691
0.6,-0.736498363
0.6,-0.689226676
0.6,0.710535201
0.6,-0.728851711
0.6,-0.689310245
0.6,0.707255123
0.6,-0.513069796
0.6,-0.513069796
0.6,-0.677872993
0.6,-0.49685726
0.6,-0.628352265
0.6,0.664076152
0.6,0.690704599
0.6,-0.731383306
0.6,-0.731114793
0.6,-0.739042495
0.6,-0.739042495
0.6,0.511947963
0.6,-0.621388383
0.6,-0.617512046
0.6,-0.600149471
0.6,-0.251438758
0.6,-0.742615966
0.6,-0.671849633
0.6,0.752456077
0.6,-0.659686228
0.6,0.209571511
0.6,-0.633880329
0.6,-0.720828182
0.6,0.209571511
0.6,-0.710364045
0.6,-0.274094153
0.6,0.493634714
0.6,-0.516162801
0.6,-0.687891431
0.6,-0.566164133
0.6,0.733131482
0.6,0.691482208
0.6,-0.68000823
0.6,-0.742534061
0.6,0.673316904
0.6,-0.564834429
0.6,-0.749273728
0.6,-0.747365711
0.6,-0.745625979
0.6,0.622804978
0.6,-0.749273728
0.6,0.71811825
0.6,0.673889465
0.6,0.730114704
0.6,0.707385889
0.6,-0.70021768
0.6,-0.542798821
0.6,-0.666733227
0.6,-0.74213664
0.6,-0.678822717
0.6,-0.432303773
0.6,-0.432419174
0.6,0.656969758
0.6,-0.291573179
0.6,-0.291573179
0.6,0.555421073
0.6,-0.748416575
0.6,-0.733743169
0.6,-0.734864991
0.6,-0.740452348
0.6,-0.74582233
0.6,-0.748416575
0.6,-0.733743169
0.6,0.742554666
0.6,-0.588562044
0.6,0.742554666
0.6,-0.56772206
0.6,-0.680153372
0.6,-0.706107267
0.6,0.601477017
0.6,0.704961654
0.6,-0.72218854
0.6,-0.72218854
0.6,-0.649138265
0.6,-0.660715442
0.6,-0.649138265
0.6,-0.598268226
0.6,0.686177679
0.6,-0.671520208
0.6,0.678450276
0.6,-0.71204677
0.6,-0.716199981
0.6,-0.734948844
0.6,-0.704098486
0.6,0.54034366
0.6,-0.593050747
0.6,-0.402535919
0.6,0.690153057
0.6,0.690153057
0.6,0.661029285
0.6,-0.693168408
0.6,-0.693168408
0.6,0.686186166
0.6,-0.56126904
0.6,-0.729870067
0.6,-0.36848148
0.6,-0.649897091
0.6,0.65205186
0.6,-0.58680979
0.6,-0.74287749
0.6,-0.66936561
0.6,-0.720505163
0.6,-0.663166041
0.6,0.708692405
0.6,-0.699172341
0.6,-0.742253696
0.6,0.601344403
0.6,0.272129197
0.75,-0.371138834
0.75,-0.23725078
0.75,-0.312370339
0.75,0.480158489
0.75,-0.371138834
0.75,-0.315055671
0.75,-0.317496221
0.75,0.154378358
0.75,0.499002286
0.75,-0.227937846
0.75,-0.578697807
0.75,-0.108964683
0.75,-0.490117764
0.75,-0.631222054
0.75,-0.460792632
0.75,0.463825919
0.75,0.367208944
0.75,-0.311711458
0.75,-0.507509829
0.75,-0.453477086
0.75,0.191830817
0.75,-0.323986638
0.75,-0.556036098
0.75,-0.507509829
0.75,-0.271929713
0.75,0.472714163
0.75,0.149101522
0.75,-0.301460261
0.75,0.138731019
0.75,-0.144397744
0.75,0.305298967
0.75,0.382758757
0.75,0.431299277
0.75,-0.180479781
0.75,-0.493452711
0.75,-0.493452711
0.75,-0.419966086
0.75,0.496721982
0.75,-0.447930164
0.75,-0.44648109
0.75,-0.350849076
0.75,-0.483601832
0.75,-0.490575819
0.75,-0.211151979
0.75,-0.493803947
0.75,0.32212537
0.75,0.384386483
0.75,-0.479501798
0.75,0.415073326
0.75,-0.648185968
0.75,-0.221748674
0.75,0.271454859
0.75,-0.374266217
0.75,0.363829185
0.75,-0.173783354
0.75,-0.042567155
0.75,0.382550729
0.75,-0.234048643
0.75,-0.227775863
0.75,-0.486536791
0.75,-0.463745913
0.75,0.039859679
0.75,-0.406855595
0.75,-0.476589071
0.75,-0.476823065
0.75,-0.485840683
0.75,-0.142560651
0.75,0.492076384
0.75,-0.394044613
0.75,-0.493770494
0.75,-0.504536191
0.75,-0.591079612
0.75,0.492076384
0.75,-0.493535858
0.75,0.219931571
0.75,-0.067508207
0.75,-0.545524637
0.75,-0.516993636
0.75,0.492834846
0.75,0.313770883
0.75,0.341889345
0.75,0.492834846
0.75,-0.380802429
0.75,-0.380802429
0.75,-0.441476175
0.75,-0.212236662
0.75,0.382091565
0.75,-0.552521497
0.75,-0.464004249
0.75,-0.325126252
0.75,-0.311061989
0.75,0.463294892
0.75,-0.464004249
0.75,0.397325854
0.75,0.499721984
0.75,0.270695594
0.75,0.188363313
0.75,-0.403995274
0.75,0.270695594
0.75,-0.575861839
0.75,-0.371648994
0.75,-0.493504058
0.75,-0.457691763
0.75,-0.293494955
0.75,-0.469068845
0.75,0.222775447
0.75,0.090015178
0.75,0.400562233
0.75,-0.493114133
0.75,-0.241983254
0.75,-0.252459949
0.75,-0.406077732
0.75,-0.493114133
0.75,0.039339644
0.75,-0.443044775
0.75,0.039339644
0.75,-0.48765745
0.75,-0.325786161
0.75,-0.480793236
0.75,0.255744887
0.75,-0.27336734
0.75,-0.297900453
0.75,-0.479585442
0.75,-0.493535812
0.75,-0.479585442
0.75,-0.493535812
0.75,0.183562447
0.75,-0.579535416
0.75,-0.567673172
0.75,0.263080281
0.75,-0.513272239
0.75,-0.25864302
0.75,-0.258192097
0.75,0.047763612
0.75,-0.464832892
0.75,0.553316292
0.75,0.553316292
0.75,0.246218487
0.75,-0.19820463
0.75,-0.379694925
0.75,-0.339941401
0.75,-0.494989247
0.75,-0.494989247
0.75,-0.485144679
0.75,-0.190123149
0.75,0.22244585
0.75,-0.417435051
0.75,-0.40139327
0.75,-0.353274968
0.75,-0.361251327
0.75,-0.409007967
0.75,0.211570921
0.75,-0.365576275
0.75,-0.437519123
0.75,-0.437519123
0.75,-0.359329671
0.75,-0.190449673
0.75,0.402095401
0.75,-0.038086163
0.75,0.009273752
0.75,-1.49769275
0.75,-1.497820281
0.75,-1.497395595
0.75,1.471464023
0.75,-1.49769275
0.75,-1.497395941
0.75,1.497650169
0.75,1.497745846
0.75,-1.482380708
0.75,-1.497432875
0.75,-1.482380708
0.75,-1.477234672
0.75,-1.368858808
0.75,-1.36287837
0.75,1.44413799
0.75,-1.477537477
0.75,-1.497135819
0.75,1.497797188
0.75,-1.494618596
0.75,-1.490810996
0.75,-1.494192452
0.75,-1.497709568
0.75,-1.490810996
0.75,-1.497694208
0.75,-1.497111765
0.75,-1.498372169
0.75,1.542461063
0.75,-1.495680745
0.75,1.497660102
0.75,1.495258159
0.75,-1.484004601
0.75,-1.484004601
0.75,-1.49575419
0.75,-1.495312709
0.75,-1.357648715
0.75,-1.496428457
0.75,-1.489060674
0.75,-1.497807318
0.75,-1.497084222
0.75,-1.468979606
0.75,1.497394937
0.75,-1.471852135
0.75,1.495016592
0.75,-1.497471691
0.75,-1.444042884
0.75,-1.406524603
0.75,-1.497598921
0.75,1.497589023
0.75,-1.498498113
0.75,-1.498032999
0.75,1.497234898
0.75,-1.497261349
0.75,-1.495899987
0.75,-1.495899987
0.75,-1.497508252
0.75,-1.497581865
0.75,-1.490960542
0.75,1.497536366
0.75,1.49726846
0.75,-1.497116119
0.75,-1.497181725
0.75,-1.509798272
0.75,-1.498909587
0.75,-1.498909587
0.75,1.493577185
0.75,-1.494667868
0.75,-1.497363004
0.75,-1.519126974
0.75,-1.498132495
0.75,-1.488340203
0.75,1.502735805
0.75,-1.495720503
0.75,-1.497112068
0.75,-1.497078243
0.75,-1.497863186
0.75,1.522277851
0.75,-1.524393221
0.75,-1.497112068
0.75,-1.542838494
0.75,1.140098638
0.75,1.493537626
0.75,1.497465758
0.75,1.493537626
0.75,-1.496699914
0.75,-1.497535961
0.75,-1.496699914
0.75,-1.497849559
0.75,-1.497069459
0.75,1.497138709
0.75,-1.435453687
0.75,-1.494676062
0.75,-1.498773798
0.75,1.496638019
0.75,1.496307155
0.75,-1.497100987
0.75,1.497876379
0.75,-1.497415511
0.75,-1.496658605
0.75,-1.500963061
0.75,1.497659539
0.75,-1.497692094
0.75,-1.468494699
0.75,-1.497614531
0.75,-1.497614531
0.75,1.496348683
0.75,1.49770899
0.75,-1.496297213
0.75,-1.497817709
0.75,-1.496978887
0.75,-1.493744463
0.75,1.056963458
0.75,1.056963458
0.75,-1.463239411
0.75,-1.524098389
0.75,-1.493818974
0.75,1.496320826
0.75,1.497676702
0.75,1.497435054
0.75,-1.496744975
0.75,-1.506765636
0.75,-1.506765636
0.75,-1.554838323
0.75,-1.554008665
0.75,-1.554838323
0.75,-1.554008665
0.75,-1.497676699
0.75,1.496878139
0.75,-1.49783347
0.75,-1.491183054
0.75,-1.486972145
0.75,-1.496780477
0.75,-1.499443661
0.75,-1.503482384
0.75,-1.497640408
0.75,1.493071562
0.75,-1.490655777
0.75,1.492599293
0.75,-1.497430084
0.75,-1.497154782
0.75,-1.497430084
0.75,1.497053362
0.75,-1.497320987
0.75,-1.492302995
0.75,-1.492302995
0.75,-1.51621039
0.75,-1.497538132
0.75,-1.497138191
0.75,1.497394347
0.75,-1.498075925
0.75,-1.498945814
0.75,-1.497372476
0.75,-1.493380494
0.75,-1.488024038
0.75,1.497288841
0.75,-1.496964003
0.75,-1.497104567
0.75,-1.497104567
0.75,-1.496579746
0.75,1.519862292
0.75,-1.478546093
0.75,-13.74783454
0.75,13.74062479
0.75,-13.76926182
0.75,13.73987849
0.75,13.78567649
0.75,-13.79909373
0.75,-13.78993325
0.75,-13.69875335
0.75,-13.77045242
0.75,-13.7716251
0.75,13.75396931
0.75,-13.69220425
0.75,-13.7644171
0.75,13.70150574
0.75,13.76126786
0.75,-13.75163099
0.75,-13.77716776
0.75,13.74010121
0.75,-13.77872905
0.75,-13.76967193
0.75,13.78660235
0.75,-13.75990965
0.75,13.75498575
0.75,-13.73457014
0.75,13.75219485
0.75,13.7765074
0.75,-13.73085477
0.75,-13.79198402
0.75,-13.79198402
0.75,-13.77460473
0.75,13.76305883
0.75,-13.77868037
0.75,-13.77578659
0.75,-13.75767172
0.75,-13.78749668
0.75,-13.73952504
0.75,-13.68556406
0.75,13.77118564
0.75,13.78017057
0.75,-13.75385796
0.75,13.77156476
0.75,-13.74750255
0.75,-13.69556313
0.75,-13.7364805
0.75,-13.74611269
0.75,13.75952806
0.75,-13.77237391
0.75,-13.73831462
0.75,-13.72914201
0.75,-13.77692964
0.75,-13.73645304
0.75,-13.75755912
0.75,13.78083796
0.75,-13.74434856
0.75,-13.74406687
0.75,-13.77457588
0.75,-13.76997948
0.75,-13.7690191
0.75,-13.7690191
0.75,-13.72757123
0.75,-13.76782672
0.75,-13.78984895
0.75,-13.72469921
0.75,-13.75965317
0.75,-13.72146934
0.75,13.75843674
0.75,13.77318758
0.75,-13.77941502
0.75,-13.77624842
0.75,-13.78598425
0.75,-13.77209834
0.75,13.77318758
0.75,-13.77118198
0.75,-13.77941502
0.75,-14.1928761
0.75,13.59173584
0.75,-13.70890162
0.75,-13.7739236
0.75,-13.78853615
0.75,13.7721627
0.75,13.76400303
0.75,13.7721627
0.75,-13.7759296
0.75,-13.77941149
0.75,-13.7759296
0.75,-13.6905982
0.75,-13.74803172
0.75,13.76099066
0.75,-13.77363698
0.75,-13.76268567
0.75,13.76638825
0.75,-13.77363698
0.75,13.7730136
0.75,13.77654739
0.75,13.78370267
0.75,13.75491715
0.75,13.73747484
0.75,13.75491715
0.75,-13.78762467
0.75,-13.74477792
0.75,-13.77089724
0.75,-13.77177778
0.75,-13.76276771
0.75,13.78377581
0.75,-13.76886687
0.75,-13.75414822
0.75,-14.05926288
0.75,-14.05926288
0.75,13.72473874
0.75,13.7800047
0.75,-13.77727182
0.75,-13.77455867
0.75,-13.76807614
0.75,-13.74547975
0.75,-13.74620353
0.75,-13.77727182
0.75,-13.78759094
0.75,-13.75755976
0.75,13.72407809
0.75,13.74789158
0.75,13.77354478
0.75,-13.77390324
0.75,-13.79119026
0.75,-13.78035998
0.75,-13.78861272
0.75,-13.78035998
0.75,-13.78861272
0.75,-13.76741457
0.75,-13.78466943
0.75,13.7631038
0.75,-13.74233152
0.75,-13.76768386
0.75,-13.76690061
0.75,13.71182917
0.75,-13.69814585
0.75,-13.76289118
0.75,13.75594498
0.75,13.75594498
0.75,13.82020931
0.75,-13.77859913
0.75,-13.75203639
0.75,-13.77859913
0.75,13.73815714
0.75,-13.7643127
0.75,-13.77439382
0.75,-13.77439382
0.75,-13.76484136
0.75,-13.74735338
0.75,-13.74313846
0.75,13.74929438
0.75,-13.76295489
0.75,-13.76903211
0.75,-13.75432168
0.75,-13.75394102
0.75,-13.78343182
0.75,-13.78224756
0.75,-13.7528986
0.75,-13.7393688
0.75,13.67587023
0.75,-13.77624993
0.75,-0.578109365
0.75,-0.572372272
0.75,-0.553559768
0.75,-0.578109365
0.75,-0.572194535
0.75,-0.561870949
0.75,-0.562544327
0.75,-0.576624156
0.75,-0.562544327
0.75,-0.571970839
0.75,-0.571186069
0.75,-0.572372237
0.75,0.562667216
0.75,-0.551005528
0.75,0.307635528
0.75,0.558179718
0.75,-0.5825229
0.75,-0.484889887
0.75,0.581245091
0.75,-0.549092688
0.75,-0.484889887
0.75,-0.576129231
0.75,0.5834528
0.75,-0.566170724
0.75,0.567911082
0.75,-0.567414732
0.75,0.491021968
0.75,0.541595535
0.75,0.574829403
0.75,0.512417824
0.75,-0.546264583
0.75,-0.458151994
0.75,0.49018942
0.75,-0.606911495
0.75,-0.240447167
0.75,-0.562341222
0.75,-0.577991598
0.75,-0.435949644
0.75,0.57773333
0.75,0.580403532
0.75,0.557400944
0.75,-0.566180696
0.75,-0.278100255
0.75,-0.536533462
0.75,-0.570919281
0.75,-0.477393666
0.75,-0.559271194
0.75,0.557690199
0.75,-0.57476467
0.75,-0.569275022
0.75,-0.569275022
0.75,-0.567149045
0.75,-0.569794514
0.75,-0.569668252
0.75,0.567857039
0.75,0.558945354
0.75,-0.581055254
0.75,-0.489528601
0.75,-0.426227704
0.75,-0.497881209
0.75,-0.497881209
0.75,0.56332041
0.75,-0.570227526
0.75,-0.540314297
0.75,-0.566908439
0.75,0.547589315
0.75,-0.575274919
0.75,0.46649412
0.75,-0.555183662
0.75,-0.497320479
0.75,-0.525051782
0.75,-0.446102667
0.75,-0.555183662
0.75,-0.064723486
0.75,-0.56790312
0.75,-0.551144694
0.75,-0.607378002
0.75,0.501359881
0.75,0.550350396
0.75,0.567517594
0.75,0.501359881
0.75,-0.531104053
0.75,-0.567800057
0.75,-0.233314019
0.75,-0.581094328
0.75,-0.577727868
0.75,-0.554258062
0.75,-0.563597222
0.75,0.344293559
0.75,-0.514788566
0.75,0.480348191
0.75,0.524175072
0.75,0.559154791
0.75,0.568279947
0.75,0.580553328
0.75,-0.554104159
0.75,0.568279947
0.75,-0.613093078
0.75,-0.564239524
0.75,-0.581784083
0.75,-0.441948859
0.75,-0.658925189
0.75,-0.654293405
0.75,0.57056516
0.75,-0.573331967
0.75,-0.581801242
0.75,-0.442929582
0.75,0.574294937
0.75,-0.521866207
0.75,-0.504516905
0.75,-0.558805412
0.75,-0.583852236
0.75,-0.521866207
0.75,-0.504516905
0.75,-0.300034973
0.75,-0.580399288
0.75,-0.300034973
0.75,-0.580087044
0.75,-0.572260816
0.75,0.572239163
0.75,0.570688174
0.75,0.567712695
0.75,0.059970894
0.75,-0.546532358
0.75,-0.546532358
0.75,-0.435138842
0.75,-0.584725252
0.75,0.575246566
0.75,-0.590360886
0.75,-0.51113565
0.75,0.570526564
0.75,-0.518469707
0.75,-0.515639418
0.75,-0.556143671
0.75,-0.554626118
0.75,-0.573771783
0.75,-0.3768468
0.75,-0.637848774
0.75,0.512884667
0.75,0.555345786
0.75,-0.565337075
0.75,-0.579673982
0.75,0.576348806
0.75,-0.488829605
0.75,-0.5717175
0.75,-0.575101289
0.75,-0.543486967
0.75,-0.563423412
0.75,-0.579769214
0.75,-0.582330903
0.75,-0.566553912
0.75,0.575316419
0.75,-0.577263166
0.75,-0.555675058
0.75,-0.555675058
0.75,-0.584472048
0.75,-0.580514494
0.75,0.149553795
0.75,0.470580094
0.75,-0.544845899
0.75,-0.457505732
0.75,-0.449448817
0.75,0.009422024
0.75,-0.457505732
0.75,-0.445894492
0.75,-0.444673155
0.75,0.325029109
0.75,0.458828742
0.75,-0.462836878
0.75,-0.41882057
0.75,-0.462836878
0.75,-0.379827598
0.75,-0.246443233
0.75,-0.191465189
0.75,0.468150535
0.75,-0.046519291
0.75,-0.448675813
0.75,-0.074352693
0.75,-0.37947176
0.75,-0.409953636
0.75,0.405659061
0.75,-0.409216452
0.75,-0.43544974
0.75,-0.37947176
0.75,-0.431985429
0.75,0.46697173
0.75,-0.345512537
0.75,0.321172604
0.75,-0.462009451
0.75,0.418958493
0.75,-0.359837456
0.75,0.44078299
0.75,0.457792319
0.75,-0.321501932
0.75,-0.467512527
0.75,-0.467512527
0.75,-0.383444312
0.75,0.351559456
0.75,-0.433198469
0.75,-0.470806078
0.75,-0.066303881
0.75,-0.457437406
0.75,-0.33193124
0.75,-0.393985633
0.75,0.41515826
0.75,-0.442086919
0.75,-0.451077071
0.75,-0.07808505
0.75,0.439291209
0.75,-0.404933451
0.75,-0.440457481
0.75,0.44856895
0.75,-0.347131602
0.75,-0.347131602
0.75,-0.4433412
0.75,-0.370899527
0.75,-0.432771629
0.75,0.45186648
0.75,0.450263693
0.75,-0.434919462
0.75,-0.395606933
0.75,-0.421323322
0.75,-0.421323322
0.75,0.29478584
0.75,-0.332973562
0.75,-0.381178711
0.75,-0.44626745
0.75,0.28949247
0.75,-0.466045744
0.75,-0.186106972
0.75,0.396268264
0.75,-0.35880833
0.75,-0.080035949
0.75,-0.463908694
0.75,-0.458206392
0.75,-0.080035949
0.75,-0.449216064
0.75,-0.353824498
0.75,-0.227098942
0.75,-0.345839344
0.75,-0.439192941
0.75,-0.490086448
0.75,0.451530837
0.75,0.442141168
0.75,-0.447434275
0.75,-0.445238359
0.75,0.433294225
0.75,-0.442221436
0.75,-0.418744782
0.75,-0.454650735
0.75,-0.459834632
0.75,0.198443066
0.75,-0.418744782
0.75,0.372358554
0.75,0.449008415
0.75,0.450689135
0.75,0.395846094
0.75,-0.449925759
0.75,-0.478197005
0.75,-0.455706415
0.75,-0.416806375
0.75,-0.321063299
0.75,-0.571869434
0.75,-0.567819093
0.75,0.453851461
0.75,-0.285252932
0.75,-0.285252932
0.75,0.312970825
0.75,-0.434525736
0.75,-0.410041031
0.75,-0.452695155
0.75,-0.442068841
0.75,-0.44332092
0.75,-0.434525736
0.75,-0.410041031
0.75,-0.120530264
0.75,-0.433055512
0.75,-0.120530264
0.75,-0.427468862
0.75,-0.552204223
0.75,-0.308552725
0.75,0.350129969
0.75,0.443342881
0.75,-0.373753469
0.75,-0.373753469
0.75,-0.40295394
0.75,-0.405167669
0.75,-0.40295394
0.75,-0.442290896
0.75,0.362488162
0.75,-0.383786347
0.75,0.430814017
0.75,-0.446567569
0.75,-0.442068965
0.75,-0.45423546
0.75,-0.36066173
0.75,0.288792209
0.75,-0.056167849
0.75,-0.459009509
0.75,0.388496557
0.75,0.388496557
0.75,0.341989373
0.75,-0.446048332
0.75,-0.446048332
0.75,0.412858561
0.75,-0.462425179
0.75,-0.389730142
0.75,0.00620002
0.75,-0.424811852
0.75,0.411190441
0.75,-0.38285913
0.75,-0.453942338
0.75,-0.454748441
0.75,-0.469798173
0.75,-0.443581297
0.75,0.376355256
0.75,-0.449658886
0.75,-0.471378321
0.75,-0.1011942
0.75,0.471817087
1,-2.829949805
1,-2.826953285
1,-2.825979368
1,2.810167133
1,-2.829949805
1,-2.828139052
1,-2.826732947
1,2.825651095
1,2.834831321
1,-2.8258131
1,-2.833121824
1,-2.806492081
1,-2.810391067
1,-2.811082219
1,-2.794377117
1,2.798638389
1,2.831901635
1,-2.830927147
1,-2.824291598
1,-2.82528335
1,2.826937155
1,-2.82860139
1,-2.837533074
1,-2.824291598
1,-2.827599267
1,2.83417193
1,2.823537554
1,-2.827363705
1,2.875520469
1,-2.825229535
1,2.826247214
1,2.829955592
1,2.824441128
1,-2.822866955
1,-2.834196192
1,-2.834196192
1,-2.823480675
1,2.822584988
1,-2.826493805
1,-2.832328489
1,-2.830706112
1,-2.818882262
1,-2.834819773
1,-2.827779339
1,-2.826021952
1,2.829228485
1,2.830986994
1,-2.832878117
1,2.836226733
1,-2.793575959
1,-2.826210503
1,2.825768398
1,-2.831260998
1,2.827405733
1,-2.825595864
1,-2.821534333
1,2.828655819
1,-2.827455916
1,-2.827157142
1,-2.827000505
1,-2.850268996
1,2.820568262
1,-2.83380656
1,-2.834582112
1,-2.826724717
1,-2.808700999
1,-2.825365243
1,2.86092323
1,-2.827972121
1,-2.872013882
1,-2.835479843
1,-2.826748934
1,2.86092323
1,-2.857938473
1,-2.808778342
1,-2.823309261
1,-2.83639558
1,-2.836851574
1,2.828155509
1,2.825461527
1,2.827452548
1,2.828155509
1,-2.825454459
1,-2.825454459
1,-2.79555147
1,-2.826026242
1,2.83263395
1,-2.825926019
1,-2.824883634
1,-2.825455725
1,-2.82660198
1,2.825361849
1,-2.824883634
1,2.825687306
1,2.83382676
1,2.825615497
1,2.826990845
1,-2.82872034
1,2.825615497
1,-2.841767719
1,-2.829029894
1,-2.830055408
1,-2.828429232
1,-2.828516967
1,-2.833505518
1,-2.826941407
1,2.824010936
1,2.830745123
1,-2.827966869
1,-2.827673128
1,-2.828437603
1,-2.824879815
1,-2.827966869
1,2.485328822
1,-2.833083351
1,2.485328822
1,-2.834776292
1,-2.82655556
1,-2.818038301
1,2.827117478
1,-2.826555612
1,-2.832920518
1,-2.847821056
1,-2.848733999
1,-2.847821056
1,-2.848733999
1,2.826990329
1,-2.842259292
1,-2.840080899
1,2.826398617
1,-2.82678407
1,-2.830197306
1,-2.82697065
1,2.821339271
1,-2.796475772
1,2.834949512
1,2.834949512
1,2.826588736
1,-2.825640546
1,-2.828498481
1,-2.829702197
1,-2.827346277
1,-2.827346277
1,-2.842678522
1,-2.82561933
1,2.826101108
1,-2.837282972
1,-2.829710304
1,-2.831433167
1,-2.831954571
1,-2.83424766
1,2.828361793
1,-2.834718026
1,-2.829950304
1,-2.829950304
1,-2.832064392
1,-2.827003378
1,2.767920326
1,2.806533975
1,-2.805129989
1,-1.503299377
1,-1.500740789
1,-1.494183665
1,1.441577465
1,-1.503299377
1,-1.494043356
1,1.486613081
1,1.522002016
1,-1.489407411
1,-1.490700596
1,-1.489407411
1,-1.459877175
1,-1.492939059
1,-1.489239366
1,1.480380537
1,-1.45310292
1,-1.496439089
1,1.521401774
1,-1.505308658
1,-1.485593503
1,-1.490549633
1,-1.494283372
1,-1.485593503
1,-1.494031225
1,-1.494040154
1,-1.508665422
1,1.545962177
1,-1.486272237
1,1.502778511
1,1.49149576
1,-1.494169666
1,-1.494169666
1,-1.492869534
1,-1.530310364
1,-1.337085481
1,-1.51971652
1,-1.477999869
1,-1.518106265
1,-1.494806725
1,-1.518688759
1,1.506857985
1,-1.513213491
1,1.500248608
1,-1.501640017
1,-1.424737825
1,-1.435990255
1,-1.496042216
1,1.492767576
1,-1.502518971
1,-1.524242224
1,1.49506646
1,-1.487032048
1,-1.478349077
1,-1.478349077
1,-1.496216439
1,-1.489520725
1,-1.52808587
1,1.501234244
1,1.499494175
1,-1.498893581
1,-1.49797827
1,-1.559554346
1,-1.504247076
1,-1.504247076
1,1.477863012
1,-1.485215964
1,-1.518851996
1,-1.54119654
1,-1.510545983
1,-1.475691436
1,1.503344576
1,-1.487725365
1,-1.496511163
1,-1.590354123
1,-1.523605457
1,1.591710524
1,-1.588022002
1,-1.496511163
1,-1.58559454
1,1.026034523
1,1.496088896
1,1.494880945
1,1.496088896
1,-1.494054737
1,-1.50019175
1,-1.494054737
1,-1.49334174
1,-1.494152177
1,1.525663586
1,-1.486334079
1,-1.490421492
1,-1.507594934
1,1.496190018
1,1.493612367
1,-1.495079694
1,1.496510344
1,-1.501314338
1,-1.497705625
1,-1.511521468
1,1.506216023
1,-1.49327731
1,-1.508664456
1,-1.493522463
1,-1.493522463
1,1.479950725
1,1.508685167
1,-1.493579249
1,-1.496155512
1,-1.49987513
1,-1.493522677
1,0.950294153
1,0.950294153
1,-1.512576622
1,-1.587243552
1,-1.48858484
1,1.482902366
1,1.500904037
1,1.494195666
1,-1.492852443
1,-1.509018596
1,-1.509018596
1,-1.556463784
1,-1.555442269
1,-1.556463784
1,-1.555442269
1,-1.501183752
1,1.493052868
1,-1.553965045
1,-1.527360622
1,-1.493527799
1,-1.501784424
1,-1.510335296
1,-1.505175335
1,-1.491729969
1,1.478025217
1,-1.637884188
1,1.51981895
1,-1.49735718
1,-1.490277726
1,-1.49735718
1,1.490930046
1,-1.508092351
1,-1.494206719
1,-1.494206719
1,-1.554478089
1,-1.490079332
1,-1.488470728
1,1.488622454
1,-1.536266706
1,-1.505111962
1,-1.503927092
1,-1.514906335
1,-1.521899487
1,1.494435978
1,-1.500918692
1,-1.502640664
1,-1.502640664
1,-1.492920049
1,1.610365103
1,-1.470564636
1,-34.45413454
1,34.4473002
1,-34.45137389
1,34.4587059
1,34.45873245
1,-34.53415043
1,-34.47261776
1,-34.46353177
1,-34.46372838
1,-34.4606066
1,34.47705531
1,-34.44784115
1,-34.44958565
1,34.44248298
1,34.46865982
1,-34.46606535
1,-34.4503654
1,34.4526183
1,-34.45445817
1,-34.46613395
1,34.45788787
1,-34.45881766
1,34.45730041
1,-34.44964544
1,34.4506723
1,34.45003522
1,-34.47149699
1,-34.49966354
1,-34.49966354
1,-34.45047563
1,34.45266892
1,-34.45097088
1,-34.46410642
1,-34.45052719
1,-34.46128712
1,-34.45257251
1,-34.48030075
1,34.45573367
1,34.45737514
1,-34.48175402
1,34.47462636
1,-34.45931053
1,-34.45590703
1,-34.46294422
1,-34.45241684
1,34.44963606
1,-34.45413861
1,-34.450097
1,-34.45552671
1,-34.45188779
1,-34.45848006
1,-34.47986982
1,34.45379519
1,-34.4544419
1,-34.45335735
1,-34.45343084
1,-34.48816365
1,-34.45640855
1,-34.45640855
1,-34.45137983
1,-34.46931805
1,-34.46067799
1,-34.44837376
1,-34.45947079
1,-34.4505316
1,34.46258377
1,34.48351639
1,-34.45143815
1,-34.50832009
1,-34.45957736
1,-34.48330138
1,34.48351639
1,-34.4796951
1,-34.45143815
1,-34.77558154
1,34.31326112
1,-34.45375404
1,-34.46411618
1,-34.45956761
1,34.45580561
1,34.45025418
1,34.45580561
1,-34.4497388
1,-34.45285217
1,-34.4497388
1,-34.43806695
1,-34.4505815
1,34.47274369
1,-34.45197535
1,-34.45382486
1,34.45607604
1,-34.45197535
1,34.45255207
1,34.44976612
1,34.45767937
1,34.45103291
1,34.45179875
1,34.45103291
1,-34.46274027
1,-34.45664659
1,-34.45779793
1,-34.46311614
1,-34.4643358
1,34.45543208
1,-34.45544242
1,-34.48099936
1,-34.73089063
1,-34.73089063
1,34.45349474
1,34.4548547
1,-34.44982777
1,-34.45478549
1,-34.45009643
1,-34.45570977
1,-34.45726786
1,-34.44982777
1,-34.45924823
1,-34.44924635
1,34.45041278
1,34.4569465
1,34.45047955
1,-34.4817505
1,-34.47145492
1,-34.71446468
1,-34.70854834
1,-34.71446468
1,-34.70854834
1,-34.45403915
1,-34.46632137
1,34.4500007
1,-34.66030109
1,-34.45519235
1,-34.45185096
1,34.45375914
1,-34.44727044
1,-34.47616098
1,34.46617366
1,34.46617366
1,34.47839648
1,-34.45194973
1,-34.44955824
1,-34.45194973
1,34.45053304
1,-34.45601845
1,-34.45363166
1,-34.45363166
1,-34.46545437
1,-34.44980305
1,-34.4495858
1,34.44986369
1,-34.47817557
1,-34.45392327
1,-34.47013607
1,-34.47136084
1,-34.47967449
1,-34.45338638
1,-34.4697124
1,-34.45325746
1,34.44270464
1,-34.47906674
1,-0.814825278
1,-0.804438084
1,-0.796920205
1,-0.814825278
1,-0.806487887
1,-0.798659176
1,-0.799268804
1,-0.798554039
1,-0.799268804
1,-0.838275898
1,-0.883394933
1,-0.883253004
1,0.805421595
1,-0.804284835
1,0.774349861
1,0.823181992
1,-0.810444262
1,-0.777213153
1,0.798196754
1,-0.809104612
1,-0.777213153
1,-0.80505604
1,0.819821852
1,-0.793139072
1,0.79148962
1,-0.810795658
1,0.790514124
1,0.806485045
1,0.810470571
1,0.787048868
1,-0.799064978
1,-0.766772857
1,0.786447441
1,-0.833469042
1,-0.558409886
1,-0.821568542
1,-0.808971647
1,-0.799223696
1,0.803938193
1,0.806945754
1,0.796411548
1,-0.803107936
1,-0.68727429
1,-0.790972077
1,-0.800813359
1,-0.781876577
1,-0.826194817
1,0.798056573
1,-0.797756471
1,-0.798684363
1,-0.798684363
1,-0.800818224
1,-0.80130077
1,-0.83551393
1,0.801459977
1,0.801227443
1,-0.803241979
1,-0.783163662
1,-0.825172257
1,-0.787349845
1,-0.787349845
1,0.791596473
1,-0.791534154
1,-0.837787152
1,-0.81246092
1,0.798820942
1,-0.793271239
1,0.895590171
1,-0.79809151
1,-0.892716009
1,-0.790153129
1,-0.891179378
1,-0.79809151
1,0.262391775
1,-0.796236952
1,-0.807445519
1,-0.850927772
1,0.785465309
1,0.796737338
1,0.799398898
1,0.785465309
1,-0.79140987
1,-0.802751427
1,-0.801662135
1,-0.799606102
1,-0.826163417
1,-0.804681188
1,-0.809879341
1,0.732290046
1,-0.789169033
1,0.787396147
1,0.789283213
1,0.81432671
1,0.801826611
1,0.796914053
1,-0.797270197
1,0.801826611
1,-0.882781708
1,-0.811048942
1,-0.799029665
1,-0.784636413
1,-0.88753362
1,-0.881390322
1,0.804127701
1,-0.799143366
1,-0.83021575
1,-0.785036151
1,0.811706519
1,-0.79104732
1,-0.78367709
1,-0.799416208
1,-0.804279196
1,-0.79104732
1,-0.78367709
1,0.136685007
1,-0.80694111
1,0.136685007
1,-0.836598505
1,-0.906692181
1,0.793578741
1,0.80372913
1,0.799024272
1,-0.693059117
1,-0.802790879
1,-0.802790879
1,-0.818525483
1,-0.813616028
1,0.793537959
1,-0.842057026
1,-0.795648176
1,0.799147083
1,-0.789140137
1,-0.789701496
1,-0.81254177
1,-0.798939446
1,-0.799470175
1,-0.799223865
1,-0.976758085
1,0.805365579
1,0.801402877
1,-0.800161809
1,-0.797286473
1,0.798516198
1,-0.782067889
1,-0.80088069
1,-0.798005519
1,-0.803600141
1,-0.812355396
1,-0.820208618
1,-0.819919259
1,-0.83099777
1,0.794141857
1,-0.799507519
1,-0.80137512
1,-0.80137512
1,-0.815395054
1,-0.797725706
1,0.60284172
1,0.806571975
1,-0.796614815
1,-1.092708919
1,-1.085846206
1,0.906524219
1,-1.092708919
1,-1.077947831
1,-1.076128518
1,0.969326123
1,1.098763631
1,-1.093253049
1,-1.046967618
1,-1.093253049
1,-1.047387989
1,-0.974947579
1,-1.077464088
1,1.092866856
1,-0.909491249
1,-1.088346062
1,0.889165336
1,-1.064063649
1,-1.079043597
1,1.040111773
1,-1.038430731
1,-1.081824199
1,-1.064063649
1,-1.063808787
1,1.105302619
1,-1.00633804
1,0.973062079
1,-1.112219023
1,1.084625133
1,-1.003350652
1,1.085041938
1,1.093216601
1,-1.001445775
1,-1.101549754
1,-1.101549754
1,-1.078024464
1,1.047431996
1,-1.087941117
1,-1.119736933
1,-0.796112855
1,-1.12723202
1,-1.061918304
1,-1.051730954
1,1.050666262
1,-1.12230395
1,-1.085400322
1,-0.823363366
1,1.069313241
1,-1.107678166
1,-1.131248134
1,1.082776277
1,-0.989944329
1,-0.989944329
1,-1.074149957
1,-1.018222552
1,-1.129431858
1,1.08537669
1,1.084742208
1,-1.067023947
1,-1.06104715
1,-1.109325768
1,-1.109325768
1,0.93921793
1,-0.977121764
1,-1.126033934
1,-1.082162208
1,-0.836473237
1,-1.116093148
1,-0.984330021
1,1.079635058
1,-1.00063352
1,0.990922688
1,-1.104771012
1,-1.077464208
1,0.990922688
1,-1.084843798
1,-1.138876009
1,0.453104114
1,-0.988085533
1,-1.084166884
1,-1.137544536
1,1.090877945
1,1.072609392
1,-1.079570085
1,-1.095026771
1,1.131799616
1,-1.105503087
1,-1.08889896
1,-1.108478525
1,-1.113224551
1,1.025262413
1,-1.08889896
1,1.095235885
1,1.090733236
1,1.085923013
1,1.034351381
1,-1.086723068
1,-1.132896143
1,-1.09251189
1,-1.059160489
1,-1.082915039
1,-1.239327112
1,-1.235641204
1,1.087963319
1,-1.077376466
1,-1.077376466
1,0.954120135
1,-1.095485247
1,-1.071218862
1,-1.089755108
1,-1.075269928
1,-1.077541057
1,-1.095485247
1,-1.071218862
1,0.516325786
1,-1.069011503
1,0.516325786
1,-1.117970374
1,-1.305768582
1,-1.059151597
1,0.985027558
1,1.074342927
1,-1.077166119
1,-1.077166119
1,-1.09528346
1,-1.097130844
1,-1.09528346
1,-1.077958992
1,1.014693588
1,-1.043122782
1,1.059324907
1,-1.073467915
1,-1.076561121
1,-1.122402894
1,-1.047667541
1,0.935673705
1,-0.927675958
1,-1.139560416
1,1.047972904
1,1.047972904
1,1.031882093
1,-1.077929608
1,-1.077929608
1,1.041574993
1,-1.104785342
1,-1.056747235
1,-0.986478631
1,-1.0538698
1,1.039463101
1,-1.127283117
1,-1.117084124
1,-1.093064325
1,-1.121982346
1,-1.130983036
1,1.030399894
1,-1.087528267
1,-1.110899532
1,0.763930546
1,1.239202625
